<?xml version="1.0" encoding="utf-8"?>
<COLLADA xmlns="http://www.collada.org/2005/11/COLLADASchema" version="1.4.1" xmlns:xsi="http://www.w3.org/2001/XMLSchema-instance">
  <asset>
    <contributor>
      <author>Blender User</author>
      <authoring_tool>Blender 2.91.0 commit date:2020-11-25, commit time:08:34, hash:0f45cab862b8</authoring_tool>
    </contributor>
    <created>2021-01-12T21:35:34</created>
    <modified>2021-01-12T21:35:34</modified>
    <unit name="meter" meter="1"/>
    <up_axis>Z_UP</up_axis>
  </asset>
  <library_effects>
    <effect id="rastMat-effect">
      <profile_COMMON>
        <newparam sid="EXPORT_GOOGLE_SAT_WM_tif-surface">
          <surface type="2D">
            <init_from>EXPORT_GOOGLE_SAT_WM_tif</init_from>
          </surface>
        </newparam>
        <newparam sid="EXPORT_GOOGLE_SAT_WM_tif-sampler">
          <sampler2D>
            <source>EXPORT_GOOGLE_SAT_WM_tif-surface</source>
          </sampler2D>
        </newparam>
        <technique sid="common">
          <lambert>
            <emission>
              <color sid="emission">0 0 0 1</color>
            </emission>
            <diffuse>
              <texture texture="EXPORT_GOOGLE_SAT_WM_tif-sampler" texcoord="EXPORT_GOOGLE_SAT_WM-mesh-map-0"/>
            </diffuse>
            <index_of_refraction>
              <float sid="ior">1.45</float>
            </index_of_refraction>
          </lambert>
        </technique>
      </profile_COMMON>
    </effect>
  </library_effects>
  <library_images>
    <image id="EXPORT_GOOGLE_SAT_WM_tif" name="EXPORT_GOOGLE_SAT_WM_tif">
      <init_from>EXPORT_GOOGLE_SAT_WM.tif</init_from>
    </image>
  </library_images>
  <library_materials>
    <material id="rastMat-material" name="rastMat">
      <instance_effect url="#rastMat-effect"/>
    </material>
  </library_materials>
  <library_geometries>
    <geometry id="cableAssem-mesh" name="cableAssem">
      <mesh>
        <source id="cableAssem-mesh-positions">
          <float_array id="cableAssem-mesh-positions-array" count="2835">34.59973 3.090981 2.819979 34.59973 3.097231 2.821654 34.59973 3.090981 2.832479 34.59973 3.090059 2.820013 34.59973 3.078481 2.832479 34.59973 3.080156 2.826229 34.59973 3.084731 2.821654 34.59973 3.084731 2.843304 34.59973 3.0819 2.841069 34.59973 3.080156 2.838729 34.59973 3.098033 2.8428 34.59973 3.097231 2.843304 34.59973 3.090981 2.844979 34.59973 3.10318 2.835204 34.59973 3.101806 2.838729 34.59973 3.098629 2.842366 34.59973 3.101806 2.826229 34.59973 3.103481 2.832479 1.172888 11.194 2.570225 1.173094 11.18862 2.57166 1.174734 11.19448 2.582579 1.172892 11.19493 2.570224 1.174822 11.20697 2.583017 1.173887 11.20552 2.576781 1.173182 11.20111 2.572098 1.176306 11.20116 2.593027 1.176245 11.20177 2.592619 1.17573 11.20508 2.589136 1.176577 11.19403 2.594934 1.176531 11.19744 2.594589 1.176375 11.20034 2.593498 1.175581 11.18344 2.588377 1.175936 11.1851 2.590751 1.176287 11.18785 2.59306 1.173735 11.18389 2.576022 1.174647 11.18199 2.582141 12.18262 8.527764 1.97613 10.6419 8.903734 2.024375 12.1827 8.531929 1.976957 10.64223 8.907689 2.026854 12.18296 8.535902 1.979412 10.64271 8.910305 2.030315 12.18334 8.538547 1.982865 10.64331 8.911565 2.034476 12.1838 8.53984 1.987035 10.64397 8.911249 2.038997 12.1843 8.53956 1.991578 10.64457 8.909384 2.042987 12.18476 8.537729 1.995602 10.64503 8.906455 2.045921 12.1851 8.534821 1.998575 10.64509 8.905844 2.046329 12.18515 8.534214 1.99899 10.64535 8.902132 2.047892 12.18533 8.530512 2.000592 10.64543 8.897652 2.048155 12.18538 8.526038 2.000895 10.64529 8.893543 2.046924 12.18526 8.521917 1.999696 10.6449 8.88978 2.044054 12.18496 8.518133 1.996845 10.64438 8.887501 2.040354 12.18455 8.515826 1.993149 10.64376 8.886651 2.03609 12.18408 8.51494 1.988873 10.64338 8.886878 2.033507 12.18379 8.515146 1.986276 10.64277 8.888472 2.029428 12.18333 8.51671 1.982166 10.64229 8.891242 2.026285 12.18297 8.519454 1.978985 10.64199 8.894276 2.024479 12.18275 8.522475 1.977144 10.64181 8.898653 2.023517 12.18263 8.526841 1.976139 10.64181 8.899575 2.023515 32.35184 3.618966 2.61006 32.35177 3.621642 2.606801 32.35181 3.640815 2.61029 32.35189 3.642198 2.614455 32.35199 3.642013 2.61903 32.35208 3.640269 2.623116 32.35214 3.637428 2.626169 32.35216 3.63683 2.6266 32.35219 3.633163 2.628291 32.35221 3.628695 2.628693 32.35219 3.624549 2.627576 32.35214 3.620705 2.624791 32.35207 3.618318 2.621124 32.35198 3.617341 2.616844 32.35193 3.617491 2.614228 32.35173 3.624621 2.604885 32.35169 3.628965 2.60378 32.35169 3.629887 2.60375 32.3517 3.634069 2.604492 32.35174 3.638095 2.606875 1.798598 11.0288 2.540595 1.799277 11.02719 2.544655 1.799704 11.02695 2.54723 1.800402 11.02778 2.551485 1.801001 11.03004 2.555183 1.801459 11.03379 2.558062 1.801642 11.03789 2.559307 1.801581 11.04237 2.559064 1.801306 11.04609 2.557522 1.801237 11.04671 2.557117 1.800741 11.04965 2.554205 1.800078 11.05153 2.550235 1.79933 11.05187 2.545729 1.798651 11.05063 2.541574 1.79809 11.04803 2.538112 1.797701 11.04409 2.535623 1.797575 11.03993 2.534748 1.797583 11.03901 2.534745 1.797758 11.03463 2.535686 1.798067 11.03159 2.537473 6.785406 9.835767 2.199393 6.78541 9.834845 2.199394 6.78557 9.830471 2.200352 6.785852 9.827433 2.202155 6.786335 9.82466 2.205294 6.786955 9.823058 2.209368 6.787344 9.822827 2.21195 6.787983 9.82367 2.216211 6.78853 9.825942 2.21991 6.78895 9.8297 2.222782 6.78912 9.833809 2.224015 6.789064 9.83829 2.223755 6.788816 9.842004 2.222196 6.788753 9.842617 2.221789 6.788301 9.845549 2.21886 6.787695 9.847418 2.214874 6.787014 9.847743 2.210356 6.786392 9.846489 2.206196 6.785881 9.843876 2.202736 6.785522 9.839925 2.200255 9.101738 9.269351 2.09913 9.101744 9.268426 2.099133 9.101904 9.264055 2.100101 9.102177 9.26102 2.101912 9.102641 9.258255 2.105062 9.103226 9.25666 2.109144 9.103592 9.256438 2.11173 9.104191 9.25729 2.115995 9.104704 9.259572 2.119694 9.105092 9.263338 2.122561 9.10524 9.26745 2.123787 9.105177 9.271925 2.123518 9.104935 9.275639 2.12195 9.104874 9.276248 2.121541 9.104443 9.279176 2.118601 9.103867 9.281037 2.114606 9.103224 9.281352 2.110082 9.102643 9.280086 2.10592 9.102168 9.277464 2.10246 9.10184 9.273509 2.099985 19.58361 6.722625 1.952128 19.58362 6.721702 1.952141 19.58372 6.71734 1.953166 19.5839 6.714328 1.955022 19.58421 6.711596 1.95822 19.5846 6.710049 1.962343 19.58485 6.709853 1.964945 19.58525 6.710755 1.969224 19.58559 6.713078 1.972917 19.58585 6.716873 1.975757 19.58596 6.720999 1.976941 19.58592 6.725473 1.976619 19.58576 6.729169 1.974999 19.58572 6.729774 1.974581 19.58543 6.732668 1.971592 19.58504 6.734483 1.967554 19.58461 6.734747 1.963002 19.58422 6.733438 1.958831 19.5839 6.730778 1.955383 19.58368 6.726793 1.95294 23.24423 5.836189 2.052753 23.24424 5.835267 2.052771 23.24436 5.83091 2.053817 23.24452 5.827908 2.055691 23.24479 5.825192 2.058907 23.24511 5.823666 2.063044 23.24531 5.823484 2.065651 23.24563 5.824408 2.069932 23.24588 5.826749 2.07362 23.24607 5.830559 2.076446 23.24612 5.834691 2.077614 23.24606 5.839164 2.07727 23.24591 5.84285 2.07563 23.24588 5.843454 2.075208 23.24563 5.846333 2.072201 23.2453 5.848126 2.068147 23.24496 5.848367 2.063587 23.24465 5.847036 2.059416 23.24441 5.844359 2.055975 23.24426 5.840362 2.053546 26.83439 4.968596 2.207802 26.83439 4.967674 2.207828 26.83443 4.963325 2.208913 26.83449 4.960337 2.210815 26.83461 4.957646 2.21406 26.83477 4.956152 2.218219 26.83487 4.95599 2.220833 26.83504 4.956947 2.225115 26.83519 4.959317 2.228791 26.8353 4.963149 2.231591 26.83535 4.967289 2.232727 26.83535 4.971759 2.232345 26.83529 4.975433 2.230671 26.83527 4.976034 2.230243 26.83516 4.978889 2.227205 26.83501 4.980652 2.223129 26.83483 4.980857 2.218557 26.83467 4.979494 2.214388 26.83453 4.97679 2.210963 26.83443 4.972774 2.208562 30.10104 4.173418 2.43318 30.10104 4.172496 2.433209 30.10107 4.168151 2.434312 30.10111 4.165171 2.436226 30.10119 4.162493 2.439483 30.10128 4.161015 2.443649 30.10135 4.160863 2.446265 30.10145 4.161837 2.450546 30.10153 4.164221 2.454214 30.1016 4.168064 2.457001 30.10162 4.172209 2.458121 30.10161 4.176677 2.457722 30.10157 4.180345 2.456033 30.10156 4.180943 2.455603 30.10149 4.183787 2.452553 30.1014 4.185534 2.448467 30.10129 4.185721 2.443892 30.10119 4.184342 2.439727 30.10111 4.181624 2.43631 30.10106 4.177599 2.433924 33.80023 0.042481 0.772179 33.80023 0.04873085 0.7738536 33.80023 0.042481 0.7846789 33.80023 0.04155957 0.7722129 33.80023 0.02998083 0.7846789 33.80023 0.03165555 0.7784289 33.80023 0.03623098 0.7738536 33.80023 0.03623098 0.7955042 33.80023 0.03339976 0.7932686 33.80023 0.03165555 0.7909289 33.80023 0.04953289 0.7949997 33.80023 0.04873085 0.7955042 33.80023 0.042481 0.7971789 33.80023 0.05468028 0.7874037 33.80023 0.05330628 0.7909289 33.80023 0.05012929 0.7945659 33.80023 0.05330628 0.7784289 33.80023 0.05498099 0.7846789 0.3723428 8.140321 0.531581 0.3725221 8.134947 0.5330558 0.3738343 8.140882 0.5439789 0.372339 8.141243 0.5315738 0.3738648 8.153377 0.5443389 0.3731133 8.151885 0.5380881 0.3725564 8.147442 0.5334157 0.3750855 8.147633 0.5544245 0.375036 8.148241 0.5540112 0.3746087 8.151522 0.5504932 0.3753259 8.140522 0.556384 0.3752801 8.143926 0.5560158 0.3751428 8.146819 0.5549021 0.3745515 8.12988 0.5498697 0.3748376 8.131556 0.5522418 0.3751122 8.134324 0.5545421 0.3730599 8.130244 0.5374646 0.3738 8.128389 0.5436189 1.387033 7.900598 0.477216 1.387331 7.904564 0.4796805 1.389936 7.899105 0.5008133 1.389978 7.894628 0.5011019 1.389837 7.890511 0.4998908 1.38949 7.886736 0.4970325 1.38904 7.884441 0.4933344 1.389738 7.902812 0.4992248 1.38775 7.907199 0.4831368 1.388262 7.908478 0.487304 7.385341 6.457562 0.2082694 7.386356 6.434859 0.2186168 1.388517 7.88357 0.4890624 7.385925 6.433965 0.214339 1.388197 7.883785 0.4864702 7.385663 6.434166 0.2117391 1.387689 7.885362 0.4823706 7.385251 6.435722 0.2076207 1.387296 7.888117 0.4792022 7.384935 6.438461 0.2044295 7.384992 6.45491 0.2048189 13.386 4.99575 0.08802151 13.38736 4.978106 0.1056405 13.38707 4.975772 0.1019509 13.38673 4.974856 0.09766948 13.38652 4.975044 0.09506362 13.3862 4.976578 0.09092921 13.38595 4.9793 0.08771735 7.38474 6.450931 0.2023701 13.3858 4.991758 0.08558881 17.52646 3.98112 0.08093178 17.52778 3.971393 0.1038972 17.52762 3.967573 0.1010823 17.5274 3.96522 0.09739941 17.52716 3.964282 0.09311658 17.52701 3.964455 0.09050601 17.52677 3.965967 0.08635777 17.52659 3.968672 0.08312737 21.86573 2.927832 0.1837676 17.5266 3.985125 0.08334749 13.38628 4.998422 0.09146475 7.385761 6.458864 0.2124399 1.388818 7.908181 0.4918403 21.86709 2.922242 0.2078874 21.86702 2.918106 0.2067348 21.86686 2.914287 0.2039202 21.86665 2.911933 0.2002373 21.8664 2.910995 0.1959544 21.86626 2.911168 0.1933436 21.86602 2.91268 0.1891952 21.86584 2.915385 0.1859643 25.04051 2.161258 0.275815 21.86587 2.931837 0.186183 17.5268 3.987813 0.08678197 13.38661 4.999744 0.09563648 7.386219 6.45859 0.216989 1.389314 7.906337 0.4958528 25.04063 2.146153 0.2813783 25.04071 2.144676 0.2855452 25.04077 2.144525 0.2881608 25.04087 2.145501 0.2924414 25.04094 2.147886 0.2961091 25.041 2.151729 0.2988951 25.04103 2.155874 0.300014 25.04102 2.160343 0.2996139 29.19176 1.158321 0.471728 25.04056 2.165283 0.2781997 21.86607 2.934526 0.1896173 17.52704 3.989158 0.09095293 13.38697 4.999495 0.1001958 7.386621 6.456767 0.2210215 1.389684 7.90342 0.498812 1.386938 7.895514 0.4763835 1.386938 7.896435 0.4763769 7.384654 6.445842 0.2015634 7.384654 6.446763 0.2015517 13.38573 4.986666 0.08480715 13.38574 4.987587 0.08479064 17.52642 3.976023 0.08017516 17.52642 3.976944 0.08015388 21.86568 2.922735 0.1830114 21.86568 2.923657 0.18299 25.04049 2.156155 0.2751011 25.04049 2.157076 0.2750719 29.19174 1.153217 0.4710136 29.19174 1.154139 0.4709845 1.387068 7.891144 0.4773734 7.384752 6.441477 0.2025796 13.38581 4.982306 0.08584815 17.52648 3.971669 0.08123999 21.86574 2.918382 0.1840766 25.04051 2.151811 0.2762047 29.19176 1.148873 0.472117 25.04056 2.14883 0.2781203 29.19181 1.145892 0.4740324 29.19187 1.143215 0.4772903 29.19197 1.141738 0.4814571 29.19202 1.141587 0.4840727 29.19212 1.142562 0.4883534 29.1922 1.144947 0.4920214 29.19226 1.14879 0.4948077 29.19228 1.152935 0.4959269 29.19228 1.157403 0.495527 29.19224 1.16107 0.4938369 7.386917 6.453866 0.224004 13.38728 4.997693 0.1042456 17.5273 3.988933 0.09552001 21.86631 2.935872 0.1937884 25.04063 2.168002 0.2816157 29.19181 1.162346 0.4741129 7.386728 6.437173 0.2223114 7.387018 6.440963 0.2251561 13.38759 4.981911 0.1084708 13.38769 4.98604 0.1096431 17.52784 3.975528 0.10505 17.52783 3.98 0.1046887 21.86708 2.926713 0.2075256 21.86699 2.930395 0.2058687 25.04099 2.16401 0.2979236 25.04098 2.164608 0.2974931 29.19223 1.161669 0.4934064 29.19217 1.164512 0.4903554 7.387144 6.445086 0.2263477 13.38767 4.990514 0.1093052 17.52773 3.983681 0.1030322 21.86696 2.930997 0.2054439 25.04091 2.167451 0.2944418 29.19208 1.166258 0.4862697 7.387117 6.449561 0.2260338 13.38755 4.994204 0.1076701 17.5277 3.984283 0.1026074 21.86679 2.933866 0.202421 25.04082 2.169196 0.2903561 29.19198 1.166444 0.4816945 7.386959 6.45326 0.2244212 13.38751 4.994808 0.107249 17.52753 3.987152 0.09958487 21.86656 2.935646 0.1983557 25.04072 2.169383 0.2857809 29.19189 1.165064 0.4775292 33.78773 0.02818083 4.941079 33.78773 0.03443098 4.942754 33.78773 0.02818083 4.953579 33.78773 0.0272563 4.941113 33.78773 0.01568084 4.953579 33.78773 0.01735568 4.947329 33.78773 0.02193099 4.942754 33.78773 0.02193099 4.964404 33.78773 0.01910006 4.962169 33.78773 0.01735568 4.959829 33.78773 0.03523343 4.963899 33.78773 0.03443098 4.964404 33.78773 0.02818083 4.966079 33.78773 0.04038023 4.956304 33.78773 0.03900629 4.959829 33.78773 0.035829 4.963466 33.78773 0.03900629 4.947329 33.78773 0.040681 4.953579 0.3389802 8.151812 4.720788 0.3393502 8.146409 4.722098 0.3417344 8.152084 4.732979 0.3389726 8.152737 4.720805 0.3417192 8.164566 4.733654 0.3403421 8.16322 4.727477 0.339335 8.15889 4.722774 0.3440042 8.158582 4.743411 0.3439088 8.1592 4.743021 0.3431039 8.162565 4.739651 0.3444924 8.151428 4.745152 0.3443856 8.15484 4.744879 0.3441186 8.157754 4.743859 0.3431268 8.140944 4.738481 0.3436418 8.142563 4.740854 0.34413 8.145275 4.743184 0.3403649 8.1416 4.726307 0.3417459 8.1396 4.732304 3.372017 7.425986 4.411858 3.372509 7.429903 4.41437 3.374068 7.433665 4.421968 3.375004 7.433278 4.426434 3.376463 7.42838 4.433209 3.376894 7.424026 4.435093 3.376166 7.411736 4.431109 3.375412 7.409514 4.427415 7.346869 6.444798 4.102019 5.360918 6.931863 4.248284 7.34624 6.442547 4.09832 5.360135 6.931054 4.24404 7.345501 6.441727 4.094069 5.359656 6.931307 4.241473 7.345049 6.441973 4.091498 5.358897 6.932944 4.237437 7.344328 6.443599 4.08745 5.358304 6.935746 4.234341 7.343762 6.446393 4.084342 16.30708 4.277174 3.822002 13.81542 4.877803 3.846313 16.30714 4.272697 3.82229 13.81529 4.873688 3.845094 16.30701 4.26858 3.821078 13.81493 4.869918 3.842231 16.30668 4.264805 3.818219 13.81446 4.867629 3.838532 16.30624 4.262508 3.81452 13.8139 4.866765 3.834262 16.30571 4.261636 3.810248 13.81356 4.866984 3.831672 16.30539 4.26185 3.807655 13.81301 4.868569 3.82758 16.30488 4.263427 3.803556 13.81258 4.87133 3.824422 16.30447 4.266182 3.800389 20.03167 3.375675 3.876779 18.16887 3.826112 3.840303 20.03171 3.375069 3.877196 18.16903 3.822413 3.841913 20.03187 3.371372 3.878811 18.16906 3.817938 3.842225 20.0319 3.366897 3.879128 18.16893 3.813815 3.841031 20.03179 3.362773 3.877938 18.16864 3.810027 3.838184 20.03152 3.358981 3.875095 18.16826 3.807715 3.834489 20.03116 3.356663 3.871401 18.16782 3.806824 3.830211 20.03074 3.355767 3.867122 18.16756 3.807027 3.82761 20.03049 3.355966 3.864519 18.16714 3.808585 3.823494 20.03009 3.357519 3.860399 18.16681 3.811326 3.820305 20.02977 3.360255 3.857206 3.375842 7.431354 4.430353 5.361306 6.953718 4.251111 3.374533 7.408728 4.423185 3.373997 7.408994 4.420632 3.373145 7.410652 4.416623 3.372479 7.41347 4.413557 5.36056 6.955621 4.247166 7.345843 6.466302 4.097142 5.359724 6.955985 4.242677 7.345051 6.466654 4.092645 11.3221 5.495857 3.893929 11.32406 5.477817 3.906356 11.32365 5.474059 3.903483 11.32312 5.471785 3.899783 11.32249 5.470939 3.895521 11.3221 5.471169 3.892937 11.32148 5.472771 3.888862 11.321 5.475545 3.885723 3.373213 7.432468 4.417833 5.358962 6.954767 4.23853 7.344334 6.465425 4.088492 11.32148 5.494602 3.889769 13.81298 4.890403 3.828397 5.358334 6.952183 4.235066 7.343749 6.462831 4.085029 11.32098 5.491988 3.886307 13.81254 4.887774 3.824939 16.30443 4.282628 3.800873 5.357895 6.948253 4.232565 7.343344 6.458895 4.082532 11.32064 5.488036 3.883826 13.81224 4.883812 3.822468 16.30415 4.278661 3.798408 18.16661 3.823797 3.818255 23.30879 2.569801 3.980252 20.02956 3.372723 3.85514 20.0298 3.376704 3.857587 18.16687 3.827775 3.820706 18.16722 3.830425 3.824158 16.30484 4.285264 3.80433 16.30535 4.286543 3.808497 13.81352 4.891675 3.832563 13.81412 4.89137 3.837094 11.32277 5.495532 3.898448 11.32338 5.493665 3.902435 7.34655 6.46441 4.1011 7.347083 6.461459 4.103999 5.361861 6.950759 4.253998 5.361939 6.950145 4.254397 3.376551 7.427764 4.433603 23.30999 2.575803 3.998908 23.31018 2.572929 4.001924 23.31021 2.572327 4.002347 23.31031 2.568643 4.003997 23.31034 2.564171 4.004351 23.31026 2.560037 4.003192 23.31008 2.556222 4.000373 23.30984 2.553874 3.996688 23.30957 2.552943 3.992405 23.3094 2.553121 3.989794 23.30913 2.55464 3.98565 23.30893 2.557351 3.982426 27.07395 1.654644 4.233544 23.30895 2.573802 3.982674 20.03013 3.379359 3.861037 18.16765 3.831723 3.828329 16.30591 4.286247 3.813033 13.81466 4.889519 3.841097 11.32383 5.490731 3.905364 7.347157 6.460846 4.104401 5.362244 6.946415 4.255914 3.376973 7.419545 4.435285 27.07428 1.639516 4.239033 27.07448 1.638021 4.243189 27.07459 1.637858 4.245804 27.07477 1.638815 4.250086 27.07491 1.641185 4.253763 27.07501 1.645016 4.256564 27.07503 1.649156 4.257701 27.07499 1.653626 4.257321 27.07489 1.6573 4.255649 27.07487 1.6579 4.255222 27.07472 1.660756 4.252186 27.07453 1.662519 4.248112 30.20983 0.8977165 4.518892 27.07403 1.658659 4.235946 23.30917 2.576485 3.986111 20.03054 3.380664 3.865209 18.16811 3.831447 3.832877 16.30642 4.284404 3.817045 13.81507 4.886598 3.844047 11.3239 5.490121 3.905771 7.347455 6.457121 4.105929 5.362313 6.941935 4.256132 3.37674 7.415453 4.434005 3.371867 7.420916 4.410932 3.371861 7.421841 4.410944 5.35776 6.943178 4.231663 5.357754 6.944104 4.23167 7.343228 6.453817 4.081641 7.343222 6.454742 4.081646 11.32054 5.482953 3.882963 11.32053 5.483879 3.882962 13.81216 4.878726 3.821625 13.81216 4.879652 3.82162 16.30408 4.273573 3.797574 16.30407 4.274498 3.797567 18.16652 3.818705 3.817445 18.16652 3.81963 3.817434 20.02949 3.36763 3.854336 20.02948 3.368555 3.854323 23.30874 2.564702 3.979488 23.30874 2.565627 3.979468 27.07395 1.649541 4.232807 27.07394 1.650466 4.232782 30.20989 0.8926066 4.518204 30.20987 0.8935312 4.51817 3.37209 7.416528 4.411818 5.357956 6.938795 4.232578 7.343426 6.449437 4.082568 11.32071 5.478578 3.883922 13.81232 4.874355 3.822605 16.30423 4.269204 3.798563 18.16662 3.81434 3.81846 20.02959 3.363267 3.855356 23.30881 2.560347 3.980546 27.07402 1.645192 4.233891 30.20995 0.8882689 4.519331 27.07413 1.642207 4.23579 30.21 0.8853024 4.52126 30.21006 0.8826419 4.524532 30.2101 0.8811868 4.528707 30.21012 0.8810492 4.531326 30.21014 0.8820467 4.535602 30.21013 0.8844507 4.539258 30.2101 0.8883082 4.542025 30.21005 0.8924592 4.543123 30.20999 0.8969249 4.5427 30.20994 0.9005827 4.54099 30.20993 0.9011783 4.540557 30.20987 0.9040051 4.537491 30.20982 0.9057292 4.533396 30.20979 0.905892 4.528819 5.362105 6.937836 4.25487 7.347531 6.452641 4.106158 11.32415 5.486405 3.90733 13.81513 4.885989 3.844457 16.30681 4.281488 3.820003 18.16852 3.829621 3.836907 20.03098 3.380393 3.869759 23.30944 2.577823 3.990283 27.07416 1.661363 4.239372 30.20979 0.9017539 4.521256 5.361592 6.934104 4.251982 7.347344 6.448539 4.104904 11.32422 5.481926 3.907589 13.81536 4.88228 3.846035 16.30686 4.28088 3.820415 18.16883 3.826719 3.839887 20.03137 3.378573 3.873794 23.30973 2.57759 3.994847 27.07433 1.662725 4.243541 30.20978 0.9044898 4.52466 34.23613 1.582859 7.619813 34.23613 1.583781 7.619779 34.23613 1.583781 7.632279 34.23613 1.587967 7.620501 34.23613 1.590031 7.621454 34.23613 1.571281 7.632279 34.23613 1.572956 7.626029 34.23613 1.577531 7.621454 34.23613 1.578558 7.643635 34.23613 1.577531 7.643104 34.23613 1.572956 7.638529 34.23613 1.590833 7.6426 34.23613 1.590031 7.643104 34.23613 1.583781 7.644779 34.23613 1.59598 7.635004 34.23613 1.594606 7.638529 34.23613 1.591429 7.642166 34.23613 1.594606 7.626029 34.23613 1.596281 7.632279 0.7188759 9.745864 7.382711 0.7190056 9.740525 7.384304 0.7192345 9.746684 7.395179 0.7188606 9.746788 7.382685 0.7190476 9.759181 7.395289 0.7188835 9.757557 7.389027 0.7188187 9.753024 7.384414 0.7194328 9.753646 7.405557 0.7194138 9.754246 7.405128 0.7192574 9.757453 7.401521 0.7196045 9.746579 7.407673 0.7195397 9.749977 7.407233 0.7194634 9.75284 7.406054 0.7195816 9.735806 7.40133 0.7196236 9.73753 7.403685 0.7196503 9.740345 7.405944 0.7192116 9.73591 7.388836 0.7194214 9.734186 7.395069 33.81821 1.672771 7.588342 15.47089 6.157209 6.872841 12.77677 6.80823 6.89569 15.47084 6.161397 6.873545 12.77671 6.812271 6.898047 15.47075 6.165444 6.875892 12.77665 6.815013 6.901445 15.47066 6.168194 6.879282 12.7766 6.816421 6.905601 15.47056 6.169613 6.883434 12.77656 6.816267 6.910179 15.47047 6.169469 6.888011 12.77653 6.814549 6.914277 15.4704 6.167762 6.892114 12.77652 6.811728 6.917348 15.47037 6.164947 6.895191 12.77653 6.811131 6.917783 15.47036 6.164353 6.895627 12.77654 6.807477 6.919499 15.47036 6.160702 6.897352 12.77657 6.803011 6.91993 15.4704 6.156238 6.897795 12.77662 6.798859 6.918839 15.47046 6.152082 6.896715 12.77668 6.794996 6.916079 15.47055 6.148213 6.893965 12.77674 6.792586 6.912427 15.47065 6.145795 6.89032 12.77679 6.791582 6.908153 15.47074 6.14478 6.886048 12.77682 6.791716 6.905536 15.47079 6.144907 6.883431 12.77685 6.793163 6.901358 15.47087 6.146345 6.879251 12.77686 6.795818 6.898081 15.47091 6.148992 6.875967 12.77685 6.798785 6.896145 15.47092 6.151954 6.874024 12.77682 6.803122 6.895011 15.4709 6.156287 6.872879 12.77681 6.804044 6.894976 33.81772 1.670242 7.591681 33.81705 1.668953 7.595857 33.81661 1.668918 7.598441 33.81587 1.670081 7.602609 33.81519 1.672625 7.606103 33.81462 1.676586 7.608659 33.81847 1.675662 7.586309 33.81855 1.679951 7.58501 33.81853 1.68087 7.584936 33.8183 1.685079 7.585462 33.81781 1.689204 7.587613 33.81716 1.69207 7.590844 33.81642 1.693633 7.594878 33.81565 1.693649 7.599393 33.815 1.692088 7.603502 33.81455 1.689384 7.606646 33.81449 1.688806 7.6071 33.8143 1.685219 7.608944 33.81433 1.680775 7.609557 2.014503 9.426411 7.304281 2.014687 9.424914 7.308436 2.014793 9.424746 7.311049 2.014957 9.425699 7.315333 2.015083 9.428064 7.319013 2.015163 9.431889 7.321821 2.015167 9.436028 7.322964 2.01511 9.4405 7.32259 2.015011 9.444174 7.320923 2.014988 9.444775 7.320497 2.014835 9.447635 7.317464 2.014656 9.449403 7.313391 2.014469 9.449615 7.30882 2.014313 9.44826 7.304649 2.014198 9.445559 7.301218 2.014137 9.441549 7.298811 2.014145 9.43737 7.298044 2.014156 9.43645 7.298067 2.01424 9.432099 7.299144 2.014347 9.429107 7.301041 6.092901 8.433859 7.065865 6.092907 8.432937 7.065894 6.092943 8.428593 7.066997 6.092991 8.425615 7.068912 6.093063 8.422935 7.07217 6.093147 8.421461 7.076337 6.093197 8.421308 7.078953 6.093273 8.422285 7.083234 6.093332 8.42467 7.086903 6.09337 8.428511 7.089689 6.093374 8.432659 7.090808 6.093349 8.437127 7.090409 6.093304 8.440793 7.088719 6.093294 8.44139 7.088288 6.093225 8.444233 7.085237 6.093142 8.445981 7.081151 6.093054 8.446166 7.076576 6.092981 8.444787 7.072411 6.092928 8.442069 7.068994 6.092899 8.438041 7.066608 10.08505 7.458397 6.947368 10.08506 7.457476 6.947401 10.08509 7.453136 6.948524 10.08511 7.450165 6.950453 10.08513 7.447502 6.953723 10.08514 7.446043 6.957897 10.08514 7.445904 6.960514 10.08514 7.446897 6.964792 10.08512 7.449299 6.96845 10.0851 7.453155 6.97122 10.08507 7.457304 6.972321 10.08504 7.461771 6.971901 10.08502 7.46543 6.970194 10.08501 7.466026 6.969761 10.08499 7.468856 6.966697 10.08498 7.470584 6.962603 10.08498 7.47075 6.958026 10.08498 7.469352 6.953866 10.085 7.466619 6.95046 10.08503 7.462583 6.948093 18.60358 5.393377 6.865417 18.60359 5.392456 6.865462 18.60356 5.388131 6.866639 18.60349 5.385184 6.868603 18.60334 5.382562 6.871903 18.60315 5.381155 6.87609 18.60302 5.381048 6.878706 18.6028 5.382094 6.882965 18.6026 5.384541 6.886588 18.60243 5.38843 6.889305 18.60234 5.392593 6.890351 18.60233 5.397054 6.889875 18.60239 5.400692 6.888124 18.60241 5.401283 6.887684 18.60254 5.404074 6.884588 18.60273 5.405751 6.880477 18.60296 5.405861 6.875904 18.60317 5.404411 6.871767 18.60337 5.401636 6.868402 18.60351 5.397572 6.866088 21.5899 4.660532 6.921323 21.58991 4.65961 6.921363 21.58994 4.655279 6.922516 21.58992 4.652321 6.924466 21.58987 4.64968 6.927753 21.58977 4.64825 6.931936 21.5897 4.648128 6.934554 21.58957 4.649151 6.938822 21.58944 4.651576 6.942462 21.58932 4.65545 6.945203 21.58923 4.659607 6.946275 21.58919 4.664071 6.945823 21.58919 4.667718 6.944091 21.58919 4.668312 6.943654 21.58924 4.67112 6.940571 21.58933 4.67282 6.936466 21.58945 4.672955 6.93189 21.58958 4.671529 6.927741 21.58971 4.668773 6.924356 21.58983 4.664721 6.922019 23.27018 4.254438 6.967854 23.27019 4.253517 6.967904 23.27014 4.249198 6.969101 23.27002 4.246261 6.971078 23.26981 4.243655 6.974387 23.26952 4.242269 6.978576 23.26934 4.242176 6.981189 23.26903 4.243243 6.985437 23.26876 4.245707 6.989043 23.26853 4.249611 6.991736 23.26843 4.253779 6.992761 23.26843 4.258238 6.992262 23.26852 4.261867 6.990494 23.26855 4.262456 6.990052 23.26875 4.265231 6.986945 23.26903 4.266888 6.982831 23.26935 4.266974 6.978263 23.26965 4.265504 6.974139 23.26991 4.262712 6.970791 23.2701 4.258635 6.968502 26.3652 3.493688 7.100395 26.3652 3.492767 7.100447 26.36514 3.488451 7.101654 26.365 3.485517 7.103636 26.36476 3.482919 7.10695 26.36443 3.481543 7.111139 26.36423 3.481455 7.11375 26.36388 3.482533 7.117993 26.36357 3.485005 7.12159 26.36332 3.488914 7.124272 26.36321 3.493085 7.125286 26.36321 3.497543 7.124777 26.36333 3.501168 7.123002 26.36336 3.501756 7.122559 26.36358 3.504524 7.119447 26.3639 3.506171 7.115332 26.36426 3.506247 7.110767 26.36461 3.504767 7.106649 26.3649 3.501967 7.103311 26.36511 3.497886 7.101033 31.70153 2.196806 7.427506 31.70154 2.195886 7.427562 31.70148 2.191574 7.428785 31.70133 2.188649 7.430777 31.70105 2.186063 7.434097 31.70066 2.184702 7.438286 31.70042 2.184624 7.440895 31.7 2.185717 7.445127 31.69962 2.188202 7.448709 31.69931 2.192121 7.451371 31.69916 2.196296 7.452365 31.69916 2.200751 7.451838 31.69928 2.204369 7.45005 31.69931 2.204955 7.449604 31.69958 2.207712 7.446486 31.69995 2.209344 7.442369 31.70038 2.209403 7.43781 31.70079 2.207908 7.433704 31.70115 2.205097 7.430383 31.70142 2.201007 7.428125 33.39692 1.783872 7.558286 33.39692 1.782951 7.558334 33.39684 1.778631 7.559526 33.39671 1.775691 7.5615 33.39649 1.773083 7.564806 33.39621 1.771694 7.568995 33.39604 1.771598 7.571608 33.39576 1.772663 7.575859 33.39552 1.775124 7.579469 33.39534 1.779025 7.582169 33.39527 1.783193 7.583199 33.3953 1.787652 7.582705 33.39542 1.791283 7.580942 33.39545 1.791872 7.580501 33.39565 1.79465 7.577396 33.39593 1.79631 7.573283 33.39623 1.7964 7.568714 33.3965 1.794932 7.564587 33.39673 1.792143 7.561235 33.39688 1.788069 7.558939</float_array>
          <technique_common>
            <accessor source="#cableAssem-mesh-positions-array" count="945" stride="3">
              <param name="X" type="float"/>
              <param name="Y" type="float"/>
              <param name="Z" type="float"/>
            </accessor>
          </technique_common>
        </source>
        <source id="cableAssem-mesh-normals">
          <float_array id="cableAssem-mesh-normals-array" count="5502">0.9999997 7.62958e-4 0 1 0 0 1 3.81497e-4 0 0.9999999 -5.48426e-4 0 0.9999991 0.001335859 0 0.9999997 -8.22643e-4 0 0.9999873 -0.005036115 0 1 3.81479e-4 0 1 -3.81479e-4 0 1 -2.02219e-4 0 1 -3.81497e-4 0 -0.9890172 0.001508593 0.147793 -0.9890458 0.004490375 0.1475409 -0.989005 0.001800358 0.1478714 -0.9890693 0.001525878 0.1474436 -0.9890539 0.001700401 0.1475454 -0.9889037 2.02395e-4 0.1485581 -0.9890346 0.001571178 0.1476764 -0.989083 0.001824557 0.1473488 -0.9890544 0.001535952 0.147544 -0.9890696 0.002318084 0.147432 -0.9890198 0.001562297 0.1477752 -0.9891405 0.001285076 0.1469677 -0.9890018 0.002097189 0.1478891 -0.9890435 0.001658618 0.1476154 -0.9890663 0.001980364 0.147458 -0.9889973 0.001704752 0.147924 -0.9890259 0.001728892 0.1477323 0.01672106 0.1944144 -0.980777 0.09997648 0.5223198 -0.8468688 0.09896194 0.5183739 -0.8494088 0.1682321 0.7749438 -0.6092292 0.167829 0.7735339 -0.6111292 0.2138717 0.9260174 -0.3110478 0.2138865 0.9261109 -0.3107589 0.2354139 0.9713103 0.03371375 0.2354239 0.9712967 0.03403717 0.227772 0.8949857 0.3835629 0.2279077 0.8958007 0.3815746 0.192013 0.7092853 0.6782665 0.1926831 0.7125191 0.6746776 0.1598054 0.558687 0.8138373 0.1615301 0.5663552 0.8081769 0.1226752 0.3922514 0.9116411 0.1242718 0.3993737 0.9083266 0.04495024 0.05933576 0.9972255 0.04700404 0.06802535 0.9965758 -0.0395047 -0.2855204 0.9575582 -0.0377109 -0.2781942 0.9597843 -0.11907 -0.5944611 0.7952599 -0.1182664 -0.5915084 0.7975782 -0.1828021 -0.8253132 0.5342674 -0.182641 -0.8247767 0.5351503 -0.2223646 -0.9495458 0.2211716 -0.2223315 -0.9494948 0.2214238 -0.2357795 -0.9704684 -0.05098241 -0.2357336 -0.9705169 -0.05026519 -0.2312851 -0.917349 -0.3240033 -0.2313664 -0.9175463 -0.3233861 -0.2003318 -0.7500484 -0.6303131 -0.2008877 -0.7528043 -0.6268412 -0.1505287 -0.5165517 -0.8429208 -0.1519396 -0.522759 -0.838831 -0.08225822 -0.2171337 -0.9726698 -0.08436858 -0.2258259 -0.9705075 -0.03117918 -0.002051174 -0.9995118 -0.03316217 -0.01007455 -0.9993993 0.01865363 0.2021256 -0.979182 -0.2023528 -0.9459183 -0.253559 -0.1237622 -0.7682676 -0.6280509 -0.1007851 -0.7034738 -0.703539 0.2310421 0.6879432 -0.688007 0.2497097 0.9175231 -0.3095102 0.2485444 0.9356181 -0.250688 0.2298197 0.9726254 0.03439134 0.222064 0.9691438 0.1069951 0.180348 0.9060803 0.3827445 0.185119 0.9155938 0.3569581 0.1097302 0.728744 0.6759375 0.1164634 0.7480012 0.6533992 0.06246829 0.5843074 0.8091246 0.06316566 0.5874409 0.8067981 0.01303416 0.4188249 0.9079736 0.04586714 0.5316115 0.8457456 -0.07379031 0.08915114 0.9932811 -0.03101998 0.2587787 0.9654386 -0.1531246 -0.2565094 0.9543353 -0.1530864 -0.2558515 0.954518 -0.2132981 -0.5712757 0.7925579 -0.2186554 -0.6046242 0.7659108 -0.2454518 -0.8103777 0.5320163 -0.2423819 -0.7778508 0.5798268 -0.2472815 -0.9435177 0.2205139 -0.2483537 -0.9356177 0.2508784 -0.2281087 -0.9722669 -0.05161076 -0.1907655 -0.9266582 -0.3239031 -0.04887825 -0.5409597 -0.8396272 0.03430432 -0.2459568 -0.9686736 0.0213418 -0.2942969 -0.9554758 0.08807235 -0.03244286 -0.9955856 0.08689111 -0.03709185 -0.9955271 0.1352435 0.1726711 -0.9756506 0.153299 0.2558386 -0.9544873 0.2003378 0.4977719 -0.843853 0.2402138 0.7568024 -0.6079043 -0.2082758 -0.6781502 -0.7047932 -0.2452396 -0.9145874 -0.3215391 -0.2469798 -0.9352162 -0.2537159 -0.2430627 -0.9687187 -0.05004858 -0.2230467 -0.9491403 0.2222227 -0.2199095 -0.9424197 0.2519621 -0.1746302 -0.8275884 0.5334808 -0.1644558 -0.7963262 0.5820816 -0.1030466 -0.5977151 0.7950585 -0.1123849 -0.6306034 0.7679252 -0.01783263 -0.2898177 0.9569157 -0.01774907 -0.2893772 0.9570506 0.07049828 0.0550068 0.9959941 0.08149421 0.1013879 0.9915036 0.1406503 0.3552875 0.9241149 0.1481749 0.3880472 0.9096503 0.1724934 0.5009979 0.8480844 0.1832623 0.5520403 0.8134289 0.1848036 0.559829 0.8077371 0.213424 0.7054848 0.6758265 0.2165129 0.7233768 0.6556282 0.2431016 0.8917392 0.3817107 0.2459127 0.9358742 0.2523221 0.2427264 0.9695382 0.03285962 0.2115428 0.9264793 -0.3112646 0.219472 0.9425418 -0.2518873 0.1583049 0.7770379 -0.6092222 0.1366081 0.7108239 -0.6899765 0.08289146 0.5263831 -0.8461974 -0.005316972 0.2059693 -0.978544 0.01745533 0.2894006 -0.9570489 -0.05608981 0.002889275 -0.9984216 -0.05687499 -7.79985e-4 -0.9983811 -0.1080479 -0.2130286 -0.9710533 -0.1192919 -0.2601254 -0.9581776 -0.1746345 -0.5120707 -0.8410032 -0.2216739 -0.7453667 -0.6287203 -0.01600116 0.2062304 -0.9783727 -0.06742548 -0.001309812 -0.9977235 -0.06620192 0.002801597 -0.9978024 -0.1174311 -0.2165395 -0.9691856 -0.1166601 -0.2130537 -0.9700508 -0.1805631 -0.5144075 -0.838321 -0.1800154 -0.5119433 -0.8399456 -0.2225582 -0.7474412 -0.6259388 -0.2221534 -0.7453478 -0.6285734 -0.2425683 -0.9148573 -0.322795 -0.2426376 -0.9151653 -0.3218688 -0.2376438 -0.9700335 -0.05060189 -0.2375789 -0.9700132 -0.0512914 -0.2148876 -0.9514601 0.2203339 -0.2148393 -0.9514165 0.2205693 -0.1643204 -0.8293657 0.5339958 -0.1643816 -0.8294179 0.5338957 -0.09093499 -0.598456 0.7959782 -0.09121143 -0.5992237 0.7953689 -0.004951238 -0.2870884 0.9578914 -0.005810201 -0.2905215 0.9568509 0.08108955 0.05874848 0.9949739 0.08021008 0.05511778 0.995253 0.1554211 0.3911278 0.9071182 0.1547459 0.3879346 0.9086036 0.1888837 0.5571539 0.8086423 0.1873609 0.5503326 0.8136523 0.2159785 0.7068607 0.6735735 0.215628 0.7050479 0.6755827 0.2410737 0.8923758 0.3815087 0.2410326 0.8918931 0.3826617 0.2367245 0.9709895 0.03377944 0.2366752 0.9709858 0.03422689 0.2032969 0.9285372 -0.3106269 0.203332 0.9287012 -0.3101131 0.1470037 0.7786448 -0.6100019 0.1472443 0.7795218 -0.6088227 0.06993001 0.5257722 -0.8477461 0.07051706 0.5277848 -0.8464459 -0.01672774 0.2034299 -0.9789467 0.00721991 0.2026879 -0.9792168 -0.04403764 -0.00357896 -0.9990235 -0.04375278 -0.001230895 -0.9990417 -0.09544765 -0.2184749 -0.9711635 -0.09493851 -0.2162412 -0.9717131 -0.1627081 -0.5164985 -0.8406875 -0.1622216 -0.5145089 -0.8420005 -0.2105097 -0.7498509 -0.6272236 -0.2102099 -0.7483258 -0.6291427 -0.2379168 -0.9158193 -0.3235286 -0.2379719 -0.9157657 -0.32364 -0.2392425 -0.9697093 -0.04926359 -0.2393527 -0.9696242 -0.05039 -0.2225921 -0.9495374 0.2209788 -0.2225876 -0.949461 0.2213115 -0.1789023 -0.8261165 0.5343459 -0.1789481 -0.826264 0.5341024 -0.1109862 -0.594766 0.7962007 -0.1111972 -0.5955796 0.7955629 -0.02818059 -0.2847061 0.9582006 -0.02852779 -0.2862284 0.9577367 0.05792742 0.06066918 0.9964756 0.05746597 0.05856841 0.9966281 0.1354224 0.3928968 0.9095565 0.1350878 0.3911288 0.9103679 0.1720708 0.5608085 0.8098676 0.1712011 0.5561242 0.8132749 0.2026056 0.7089315 0.6755496 0.2022841 0.7073894 0.6772603 0.235113 0.8937091 0.3821074 0.2349796 0.89328 0.3831912 0.2387722 0.9704933 0.03362733 0.2387857 0.9704982 0.03339046 0.2130348 0.926187 -0.3111173 0.213041 0.9262903 -0.3108054 0.1631764 0.7753423 -0.6100966 0.1632282 0.7754774 -0.6099111 0.09116643 0.522918 -0.8474937 0.09138476 0.5234985 -0.8471117 0.006758272 0.2012607 -0.9795144 2.35534e-4 0.2012909 -0.9795315 -0.0495823 -0.002061545 -0.9987679 -0.04995393 -0.003681659 -0.9987448 -0.09986656 -0.2174953 -0.970939 -0.1001728 -0.2186424 -0.9706498 -0.1652702 -0.5165478 -0.8401573 -0.1652362 -0.5164127 -0.8402469 -0.2106885 -0.7489826 -0.6282002 -0.210791 -0.749656 -0.6273621 -0.2359216 -0.916626 -0.3227038 -0.2358855 -0.9161652 -0.3240363 -0.2355284 -0.9705635 -0.05032885 -0.2354532 -0.9706062 -0.04985457 -0.2174232 -0.9507102 0.2210819 -0.2174685 -0.9508465 0.2204504 -0.1724753 -0.8277319 0.533959 -0.1723931 -0.8273701 0.534546 -0.1041176 -0.5963835 0.7959185 -0.1039554 -0.5958182 0.796363 -0.02168238 -0.28626 0.9579067 -0.02131789 -0.2849486 0.9583057 0.06320273 0.05959981 0.9962196 0.06348544 0.06073725 0.9961329 0.1389214 0.392575 0.9091676 0.139015 0.3929806 0.9089782 0.1735093 0.5574955 0.8118456 0.1746572 0.5615414 0.8088054 0.2034034 0.7088907 0.6753525 0.2032202 0.7083085 0.6760184 0.2334316 0.8939932 0.3824734 0.2334688 0.893975 0.3824933 0.2348742 0.9714401 0.03373932 0.2349174 0.971409 0.0343306 0.207454 0.9275391 -0.3108606 0.2074485 0.9275389 -0.3108644 0.1567083 0.777247 -0.6093684 0.1565506 0.7767465 -0.6100468 0.0842669 0.5242437 -0.8473887 0.08406066 0.5234599 -0.8478937 5.58156e-4 0.2025036 -0.9792814 0.04408031 0.193755 -0.9800592 -0.006741106 -0.0141707 -0.9998769 -0.005592465 -0.009734392 -0.9999371 -0.05916672 -0.2296315 -0.9714776 -0.0581513 -0.2255151 -0.9725027 -0.1309371 -0.5256411 -0.8405694 -0.1302501 -0.5229032 -0.8423818 -0.1864097 -0.7559858 -0.6274846 -0.186019 -0.7542679 -0.6296641 -0.2251961 -0.9189953 -0.3236271 -0.225123 -0.9187575 -0.3243522 -0.2368124 -0.9702403 -0.05053406 -0.236804 -0.9702475 -0.05043601 -0.2304239 -0.9476373 0.2211071 -0.2304009 -0.9475992 0.2212945 -0.198553 -0.8212158 0.5349593 -0.198574 -0.8212414 0.534912 -0.1406074 -0.5870514 0.7972455 -0.1409684 -0.5885418 0.796082 -0.0636534 -0.2737072 0.9597045 -0.06448727 -0.2770383 0.9586924 0.02077311 0.07192838 0.9971935 0.01976335 0.06778359 0.9975043 0.1012825 0.4031365 0.909518 0.1003098 0.399203 0.9113588 0.1414835 0.5688045 0.8102123 0.1407945 0.5665971 0.8118773 0.1767717 0.7157652 0.6755976 0.1762584 0.7137296 0.6778814 0.2201525 0.8975058 0.3821209 0.2200738 0.8971516 0.3829968 0.2369313 0.9709316 0.03399389 0.2369168 0.9709377 0.03391802 0.2242401 0.9235844 -0.3109794 0.2242619 0.9235473 -0.311074 0.1857494 0.7697112 -0.6107717 0.1858113 0.7699146 -0.6104962 0.1225491 0.5137788 -0.849125 0.123047 0.515688 -0.8478946 0.04324311 0.1903854 -0.9807567 0.07282549 0.1895079 -0.9791748 0.02279949 -0.0193414 -0.999553 0.0239585 -0.01399344 -0.9996151 -0.02996844 -0.2341249 -0.9717445 -0.02874642 -0.2292703 -0.9729382 -0.10537 -0.5306048 -0.8410446 -0.1042459 -0.5262854 -0.8438937 -0.1667894 -0.7601745 -0.6279461 -0.1660855 -0.7574934 -0.6313632 -0.2142985 -0.9217126 -0.3232989 -0.2140824 -0.9211061 -0.3251649 -0.2337945 -0.971001 -0.04997456 -0.2336932 -0.9709881 -0.0506916 -0.2352324 -0.9462565 0.2219558 -0.2352858 -0.9464296 0.2211599 -0.2128263 -0.8182784 0.5339715 -0.2128133 -0.8181257 0.5342106 -0.1630148 -0.5827543 0.7961304 -0.1632698 -0.5839103 0.7952307 -0.09167408 -0.2697609 0.9585536 -0.09231281 -0.2724009 0.9577454 -0.008894622 0.07659286 0.9970228 -0.01007157 0.0716654 0.9973779 0.07376307 0.4078781 0.910052 0.07252156 0.4030206 0.9123131 0.1162554 0.5728275 0.8113899 0.1155496 0.5691196 0.8140954 0.1557232 0.7198837 0.6764006 0.1550348 0.717279 0.6793196 0.2076415 0.9007647 0.3814554 0.2072696 0.8995262 0.3845676 0.2343348 0.9715765 0.03356176 0.2343146 0.9715462 0.03456664 0.2317172 0.9215876 -0.3114216 0.2317659 0.9217815 -0.3108108 0.2022642 0.7659734 -0.6102246 0.2023347 0.7663235 -0.6097615 0.1467399 0.5097699 -0.847704 0.1469751 0.5108629 -0.847005 0.07189345 0.185735 -0.9799662 0.08702915 0.1853762 -0.9788062 0.03637129 -0.0280447 -0.9989448 0.03850346 -0.01932382 -0.9990717 -0.01665449 -0.242218 -0.970079 -0.01447057 -0.2337672 -0.972185 -0.093279 -0.5358986 -0.8391137 -0.09191268 -0.5309296 -0.8424168 -0.1572751 -0.7629664 -0.6270143 -0.1567279 -0.7610831 -0.6294354 -0.2090371 -0.9228039 -0.3236303 -0.2089797 -0.922721 -0.3239036 -0.2324854 -0.971225 -0.05169683 -0.2325262 -0.9713216 -0.04965853 -0.2381232 -0.9458116 0.2207663 -0.2381058 -0.9455644 0.2218415 -0.2202773 -0.8156794 0.5349254 -0.220453 -0.816718 0.5332657 -0.174099 -0.5777673 0.7974174 -0.1747318 -0.5809605 0.7949553 -0.1047976 -0.2619566 0.9593729 -0.1064343 -0.2693001 0.9571568 -0.02250164 0.08508902 0.9961193 -0.02459263 0.07639163 0.9967746 0.0610072 0.4147987 0.9078658 0.05915504 0.4076713 0.9112107 0.1052067 0.5790861 0.8084498 0.1032627 0.5729185 0.8130813 0.1457356 0.7236393 0.6746165 0.1448807 0.7206969 0.6779421 0.2013788 0.9017403 0.3825063 0.2014357 0.9018568 0.3822015 0.2333235 0.9717814 0.03465747 0.2333987 0.9717917 0.0338518 0.2359104 0.9209809 -0.3100654 0.2359283 0.9205675 -0.3112772 0.2107616 0.7630166 -0.6110526 0.2109726 0.7643542 -0.6093056 0.1583929 0.5036442 -0.849267 0.1593636 0.5083139 -0.846298 0.08525043 0.1774952 -0.9804223 0.1105125 0.1767519 -0.9780316 0.0611025 -0.03166222 -0.9976292 0.06200009 -0.02808147 -0.9976811 0.006958663 -0.2461033 -0.9692187 0.008062601 -0.241944 -0.9702568 -0.07348185 -0.5396793 -0.8386577 -0.07263541 -0.5366643 -0.8406639 -0.1432604 -0.7660851 -0.6265702 -0.1426665 -0.7644281 -0.6287258 -0.2026957 -0.9243174 -0.3233447 -0.2025688 -0.9240223 -0.3242663 -0.2329323 -0.9712103 -0.04993182 -0.2328621 -0.9711427 -0.05154776 -0.245022 -0.9441031 0.2205302 -0.2450476 -0.9440426 0.2207607 -0.2346152 -0.8127084 0.5333489 -0.2346571 -0.8126019 0.5334925 -0.1945222 -0.5735453 0.795743 -0.1948172 -0.5750272 0.7946006 -0.1289004 -0.2581334 0.9574717 -0.1295505 -0.2609171 0.9566289 -0.04701936 0.08871775 0.9949464 -0.04800212 0.08504819 0.9952199 0.03919786 0.4183309 0.9074485 0.03829634 0.4148051 0.9091041 0.08617407 0.5829166 0.8079494 0.08502125 0.5797716 0.810331 0.1303276 0.7266175 0.6745678 0.129775 0.7248406 0.6765831 0.1936088 0.9036417 0.3820307 0.1933901 0.9031465 0.3833103 0.2341587 0.9715974 0.03417795 0.2341402 0.9715873 0.03459066 0.2449832 0.9186194 -0.3100349 0.2449929 0.9186306 -0.3099943 0.2269873 0.7595914 -0.6095062 0.2269802 0.7598917 -0.6091344 0.1801246 0.4999524 -0.8471145 0.1804835 0.5014706 -0.84614 0.1097732 0.1737036 -0.9786608 0.1159617 0.1735219 -0.9779791 0.06790471 -0.03260761 -0.9971588 0.067824 -0.03162062 -0.9971961 0.01397335 -0.2463712 -0.9690749 0.01403379 -0.2460294 -0.9691608 -0.06690758 -0.5403317 -0.8387879 -0.06678414 -0.5396592 -0.8392305 -0.1377165 -0.7670751 -0.6266019 -0.1376673 -0.7667394 -0.6270234 -0.1989192 -0.9251586 -0.3232845 -0.1988736 -0.9249829 -0.3238147 -0.2307326 -0.9716578 -0.05141526 -0.2308582 -0.971694 -0.05015397 -0.2447496 -0.9441299 0.2207177 -0.2447479 -0.9441649 0.2205704 -0.2365504 -0.8122476 0.5331957 -0.2366032 -0.8123661 0.5329918 -0.1986849 -0.5732268 0.7949436 -0.1986349 -0.5730777 0.7950635 -0.1346265 -0.2570877 0.9569648 -0.1347604 -0.2577982 0.9567548 -0.05385529 0.08925974 0.9945513 -0.05392903 0.0887022 0.9945972 0.03233879 0.4188032 0.9075011 0.03222489 0.4182404 0.9077646 0.07991528 0.5844356 0.8074953 0.07948374 0.5828809 0.8086608 0.1245899 0.7276241 0.6745669 0.1243948 0.727091 0.6751776 0.1895019 0.9044564 0.3821621 0.1894072 0.9043821 0.3823847 0.232176 0.9720713 0.03423023 0.2321723 0.9720707 0.03427225 0.2452946 0.9186137 -0.3098056 0.2453112 0.9185188 -0.3100738 0.2294505 0.7589455 -0.6093885 0.2294939 0.7590697 -0.6092174 0.1847623 0.4992737 -0.8465156 0.1847832 0.4995076 -0.8463732 0.1159678 0.1732483 -0.9780269 1 1.09667e-4 0 0.9999992 -0.001335799 0 1 4.11279e-4 0 0.9999873 0.005036473 0 1 -2.51584e-4 0 0.9999997 -8.08622e-4 0 -0.9928432 -3.42702e-4 0.1194249 -0.9928308 -0.003152906 0.1194875 -0.9928219 -0.001019179 0.1195983 -0.9928422 -0.001126229 0.119429 -0.9928139 -7.31641e-4 0.1196672 -0.9928577 0 0.1193047 -0.992816 -0.001002371 0.1196466 -0.9928132 -0.00102514 0.1196702 -0.9928438 -4.39365e-4 0.1194193 -0.992825 -0.001093566 0.1195715 -0.9929349 -7.39014e-5 0.1186611 -0.9927677 -4.49868e-4 0.1200503 -0.9928336 -8.44947e-4 0.1195026 -0.9928519 -0.001244306 0.1193467 -0.9927875 -0.001132726 0.1198819 -0.9928707 -7.09419e-4 0.1191943 -0.9928299 -7.15343e-4 0.1195337 0.07993274 0.5219519 -0.8492215 0.1374259 0.3616062 0.9221471 0.08006811 0.1083315 0.9908851 -0.01666206 -0.2843086 0.9585881 -0.1096364 -0.628814 0.7697875 -0.1606043 -0.7969043 0.5823658 -0.2143824 -0.9439463 0.2510095 0.1679823 0.5061061 0.8459544 0.2140623 0.9440123 -0.2510344 0.2065941 0.9279499 -0.3102062 0.2098727 0.9271408 -0.3104248 -0.2196128 -0.9503928 0.220281 -0.2368513 -0.9702116 -0.05090099 -0.2368351 -0.9701837 -0.05150449 -0.2362927 -0.9163543 -0.3232036 -0.2363393 -0.9166192 -0.3224174 -0.2100527 -0.75034 -0.6267918 -0.2104688 -0.752341 -0.6242484 0.1333462 0.710031 -0.6914296 0.1542653 0.7769284 -0.6103969 0.1595259 0.7757924 -0.6104899 0.1592617 0.7749189 -0.6116672 0.1757751 0.7718161 -0.611067 -0.1896992 -0.8229818 0.535458 -0.2263585 -0.9485964 0.221194 -0.2263775 -0.9486824 0.2208057 -0.2368977 -0.9702012 -0.05088526 -0.2368897 -0.97017 -0.05151313 -0.2294999 -0.917952 -0.3235648 -0.229521 -0.918124 -0.3230612 -0.1954373 -0.7535799 -0.6276318 -0.1958851 -0.7556085 -0.625048 0.08702665 0.5210109 -0.8491019 0.08627587 0.5183169 -0.8508256 0.1089315 0.5159937 -0.8496379 0.1082369 0.5132701 -0.8513745 0.1239516 0.5117554 -0.8501427 -0.1415007 -0.5833488 0.799801 -0.1997821 -0.8209453 0.5349167 -0.1996238 -0.8202906 0.535979 -0.2310103 -0.9474673 0.2212235 -0.2310566 -0.9476571 0.2203609 -0.2368621 -0.9702206 -0.05068022 -0.2368586 -0.9702039 -0.05101454 -0.2246994 -0.9191594 -0.3235064 -0.2248005 -0.9195736 -0.3222565 -0.1853766 -0.7566705 -0.6269653 -0.1857908 -0.7583647 -0.6247919 0.1433007 0.5074115 -0.849705 0.1233714 0.5094024 -0.8516389 0.1869127 0.7686222 -0.6117874 0.1755073 0.7708336 -0.612383 0.2188311 0.9248578 -0.3110482 0.2098366 0.9270421 -0.3107439 0.2362892 0.9710707 0.0344879 0.2363698 0.9710406 0.03477716 0.2395188 0.9371774 0.2536324 -0.0873326 -0.2660369 0.9599987 -0.1600034 -0.5812756 0.7978206 -0.1600028 -0.5812613 0.7978311 -0.2112115 -0.8178822 0.535218 -0.2112501 -0.8180835 0.5348951 -0.2350129 -0.946637 0.2205618 -0.234999 -0.9465563 0.2209223 -0.2344363 -0.9707931 -0.05099487 -0.2344127 -0.9707695 -0.05154961 -0.2159708 -0.9213004 -0.3233606 -0.2159653 -0.9213021 -0.3233599 -0.1696664 -0.760177 -0.6271716 -0.1696895 -0.7602838 -0.627036 0.1470698 0.5071057 -0.8492434 0.143317 0.5074717 -0.8496663 0.2003791 0.765847 -0.6110047 0.186873 0.7684643 -0.6119977 0.2250606 0.923524 -0.3105657 0.218882 0.9250384 -0.3104748 0.2367635 0.9709473 0.03470581 0.2363018 0.9710636 0.03459906 0.2336149 0.894082 0.3821538 0.2364495 0.8935226 0.3817186 0.2109575 0.7275466 0.6528193 -0.1654556 -0.7607712 -0.6275761 -0.2132892 -0.922128 -0.3227813 -0.2131793 -0.921851 -0.3236442 -0.2330249 -0.9711466 -0.05073338 -0.2329763 -0.9711067 -0.05170875 -0.2349667 -0.9464958 0.221216 -0.2349573 -0.9465304 0.2210776 -0.2128733 -0.8172091 0.5355879 -0.2129901 -0.8177377 0.5347338 -0.1626527 -0.5773896 0.8001034 -0.1634129 -0.5808857 0.7974134 -0.09044545 -0.2589601 0.9616441 -0.09205156 -0.2659022 0.959595 -0.007384657 0.08916604 0.9959895 0.1613008 0.5015755 -0.8499436 0.1460962 0.502848 -0.8519389 0.2025169 0.7653523 -0.6109196 0.2003418 0.7657073 -0.6111919 0.2311639 0.9219759 -0.3106825 0.2250534 0.9234945 -0.310659 0.2370133 0.9709026 0.03424715 0.236759 0.9709616 0.03433382 0.2253271 0.8960572 0.3825039 0.2336634 0.8944854 0.3811789 0.2025133 0.7099793 0.6744759 0.2078316 0.7095384 0.6733212 0.1797519 0.5630015 0.8066714 -0.05625462 -0.007982909 -0.9983846 -0.05600106 -0.007163286 -0.998405 -0.04748916 -0.007156729 -0.9988461 -0.04885208 -0.01267373 -0.9987257 -0.0225194 -0.01266813 -0.9996662 -0.02374988 -0.01768332 -0.9995616 -0.005489587 -0.0178852 -0.9998251 -0.006751894 -0.02309095 -0.9997106 0.01807725 -0.02301013 -0.9995718 0.0180611 -0.0232374 -0.9995669 0.0233789 -0.02327722 -0.9994557 0.02131724 -0.0316143 -0.9992729 0.03947967 -0.03164601 -0.9987191 0.0395295 -0.03159868 -0.9987187 -0.1165627 -0.2665084 -0.9567583 -0.1064507 -0.2226668 -0.9690654 -0.09824067 -0.2226333 -0.9699398 -0.09942376 -0.2277206 -0.9686374 -0.0742222 -0.227604 -0.970921 -0.07549446 -0.2328956 -0.969567 -0.05791771 -0.2328671 -0.9707825 -0.0591439 -0.2378764 -0.9694932 -0.0347352 -0.2378752 -0.9706745 -0.03476864 -0.2380132 -0.9706395 -0.02928811 -0.2379686 -0.9708312 -0.03136557 -0.2462968 -0.9686869 -0.01375776 -0.2462415 -0.9691109 -0.01375299 -0.2462652 -0.969105 -0.1552262 -0.7646588 -0.6254613 -0.2077909 -0.9232206 -0.3232443 -0.2322254 -0.9712859 -0.05172121 -0.2322803 -0.9713339 -0.05056089 -0.2388697 -0.9455744 0.2209757 -0.2388819 -0.9455325 0.2211424 -0.222199 -0.8151646 0.5349153 -0.2222141 -0.8154145 0.5345279 -0.1768126 -0.5759424 0.7981401 -0.1768114 -0.575865 0.7981963 -0.1077868 -0.2586647 0.9599348 -0.1077393 -0.2584335 0.9600023 -0.02546119 0.08914083 0.9956936 -0.02546465 0.08910721 0.9956965 0.05830484 0.4183667 0.906405 0.180175 0.5646134 0.8054494 0.1731724 0.5634508 0.8077961 0.2029271 0.7120646 0.6721493 0.1865825 0.7132972 0.6755695 0.2253894 0.8964081 0.3816442 0.2194847 0.8974665 0.3825972 0.2370135 0.9708981 0.03437435 0.2349696 0.9713921 0.03445059 0.2311514 0.9219502 -0.3107681 0.2315708 0.9217866 -0.3109417 0.2022848 0.7642448 -0.6123813 0.213032 0.762368 -0.6110748 0.1612946 0.5015829 -0.8499404 0.01642853 0.2842081 -0.9586219 -0.006189763 0.1976804 -0.9802471 0.002820432 0.1974989 -0.9802991 0.001594662 0.1926387 -0.9812685 0.02760916 0.1920409 -0.9809985 0.02649003 0.1875274 -0.9819022 0.04457223 0.1871198 -0.9813254 0.04346615 0.1826093 -0.9822244 0.06745105 0.1821144 -0.9809612 0.06739485 0.1818735 -0.9810098 0.07233309 0.1817495 -0.9806809 0.07053834 0.1741966 -0.9821813 0.08828759 0.173871 -0.9808029 0.08830809 0.1739321 -0.9807901 -0.211195 -0.9441431 -0.2529636 -0.1437946 -0.7658818 -0.6266964 -0.1233124 -0.701718 -0.7017021 -0.1662746 -0.7636293 -0.6238774 -0.1552844 -0.7648384 -0.6252272 -0.2078965 -0.9234992 -0.3223794 -0.2018359 -0.9246366 -0.3229696 -0.2310108 -0.9715752 -0.05172699 -0.2424393 -0.9371091 0.2510972 -0.2422395 -0.9447383 0.2208841 -0.2264848 -0.7809143 0.5821319 -0.2311046 -0.8133097 0.5339643 -0.1968683 -0.607592 0.769464 -0.190633 -0.5743128 0.7961306 -0.1245433 -0.2568284 0.9583988 -0.1248176 -0.2579961 0.9580494 -7.76238e-4 0.258792 0.9659329 -0.04334586 0.0890541 0.9950832 0.0727806 0.531168 0.8441348 0.04168605 0.4186061 0.9072108 0.08869171 0.585876 0.8055328 -0.1704742 -0.8277332 0.5345992 -0.1753723 -0.8268725 0.5343467 -0.1063951 -0.5916064 0.7991759 -0.1277349 -0.5891555 0.7978593 -0.04739493 -0.2717849 0.9611904 -0.06509757 -0.2710711 0.9603556 0.02077215 0.08057266 0.9965323 -0.004078447 0.0805217 0.9967446 0.07816618 0.4107335 0.9083988 0.07281064 0.4107141 0.9088523 0.1170883 0.5816997 0.8049323 0.102564 0.5824597 0.8063631 0.1434901 0.7253875 0.6732189 0.1312136 0.726551 0.6744677 0.1970605 0.9134463 0.3560662 -0.1001039 -0.5947919 0.7976227 -0.1070025 -0.5938341 0.7974407 -0.02292811 -0.276974 0.9606039 -0.04842734 -0.2759459 0.9599525 0.0377078 0.07539302 0.9964407 0.01950484 0.0753588 0.9969657 0.1012485 0.4106832 0.9061392 0.07821244 0.4108729 0.9083316 0.1208157 0.576708 0.8079675 0.1158069 0.5768247 0.8086174 0.1554755 0.7245784 0.6714265 0.1435852 0.725728 0.6728315 0.2000596 0.9025564 0.3812721 0.1930466 0.9037839 0.3819786 0.2265701 0.9681164 0.1068498 -0.01601022 -0.281606 0.9593966 -0.02405464 -0.2812899 0.9593213 0.06258976 0.07023435 0.9955651 0.03645241 0.07015883 0.9968697 0.1162446 0.4055396 0.9066559 0.1000477 0.4057303 0.9085007 0.1414519 0.5758403 0.8052325 0.1206765 0.576143 0.8083913 0.1589029 0.7205068 0.6749962 0.1544773 0.7208942 0.6756096 0.2066271 0.9014192 0.3804587 0.2000868 0.9026056 0.3811408 0.2331677 0.9718295 0.03435331 0.2321893 0.9720633 0.03436738 0.2425223 0.9370856 -0.2511045 0.0699414 0.06482094 0.9954429 0.06129789 0.06478631 0.9960147 0.1383445 0.4007021 0.9057034 0.1152125 0.4011034 0.9087587 0.1547217 0.5719262 0.8055815 0.1404881 0.5718638 0.8082296 0.1762394 0.7189794 0.6723157 0.1589089 0.7205775 0.6749193 0.2094005 0.8999997 0.3822983 0.2063477 0.9005081 0.382761 0.2336238 0.9717083 0.03468424 0.2331556 0.9718226 0.03463292 0.2370716 0.9206689 -0.3101065 0.2420259 0.9194814 -0.3098024 0.211844 0.691033 -0.6910828 0.1450549 0.3962662 0.9066049 0.1374023 0.3963714 0.9077503 0.1737045 0.5661159 0.8058161 0.1538643 0.5680024 0.8085166 0.1870889 0.7155702 0.6730208 0.1756846 0.7166795 0.6749114 0.2196216 0.8980482 0.3811508 0.2093706 0.8998993 0.3825513 0.2349535 0.9713687 0.03521221 0.2336019 0.9716901 0.03533762 0.2315835 0.9218304 -0.3108023 0.2370589 0.9205735 -0.3103988 0.2129809 0.762164 -0.6113472 0.2233998 0.7601903 -0.6100847 0.1760162 0.5002338 -0.8478116 0.1246617 0.2567915 -0.9583933 0.1058562 0.1735515 -0.9791192 0.05637532 -0.03675895 -0.9977328 0.05764037 -0.03180158 -0.9978309 -0.008517324 -0.2942466 -0.9556916 0.004021227 -0.2460829 -0.9692404 -0.0754534 -0.5399984 -0.8382772 -0.09081035 -0.5393807 -0.8371511 -0.09083312 -0.5394844 -0.8370818 -0.1058467 -0.5387964 -0.8357601 -0.1041762 -0.5324133 -0.8400496 -0.1093314 -0.5323776 -0.839417 -0.1093972 -0.5326562 -0.8392317 -0.1307452 -0.5318595 -0.8366787 -0.1297803 -0.5279145 -0.8393232 -0.1445392 -0.527473 -0.8371862 -0.1436939 -0.5237799 -0.8396467 -0.1647229 -0.5229763 -0.8362788 -0.1638739 -0.5190212 -0.8389055 -0.1706716 -0.5189045 -0.8376214 -0.2155728 -0.7498706 -0.6254777 -0.2027845 -0.6820605 -0.702618 -0.238563 -0.9158098 -0.3230794 -0.2402243 -0.9369955 -0.2536375 -0.2368402 -0.9702461 -0.05029344 -0.217561 -0.9508981 0.2201363 -0.2195675 -0.9502618 0.2208909 -0.1752257 -0.826373 0.535167 -0.1897815 -0.8232727 0.5349814 -0.1271827 -0.5869861 0.7995448 -0.1419542 -0.585211 0.7983589 -0.06413555 -0.2671258 0.9615252 -0.0873925 -0.2663367 0.9599101 -0.004046142 0.08065724 0.9967338 -0.009447515 0.08062332 0.9966999 0.07465785 0.4179729 0.9053866 0.05828368 0.4183314 0.9064226 0.1025092 0.5814488 0.8070993 0.08772683 0.5819929 0.8084481 0.1373448 0.7460259 0.6515994 1 1.09727e-4 0 1 -4.11226e-4 0 1 -5.03145e-4 0 0.9999828 0.005870938 0 -0.9752752 -0.01330006 0.2205933 -0.9751074 -0.01216566 0.2213993 -0.9753438 -0.01310861 0.2203012 -0.9752568 -0.0128833 0.2206999 -0.9752918 -0.01313346 0.2205302 -0.9754746 -0.01199102 0.2197853 -0.975372 -0.01275026 0.2201976 -0.9752262 -0.01312923 0.2208198 -0.9753581 -0.0128926 0.2202506 -0.9753748 -0.01232451 0.2202091 -0.9750487 -0.01495361 0.2214866 -0.9752704 -0.01297992 0.2206336 -0.975409 -0.0134508 0.2199918 -0.9753578 -0.01299637 0.2202459 -0.9753142 -0.01287066 0.2204467 -0.975349 -0.01280748 0.2202962 -0.9752433 -0.01283526 0.2207621 0.04290968 0.5354517 -0.8434752 0.2374714 0.9707901 0.03426384 0.2145639 0.5448189 0.8106384 0.1210396 0.08298552 0.9891728 -0.1348333 -0.8044785 0.5784758 -0.2025119 -0.946586 0.2509261 -0.1643033 -0.829923 0.5331343 -0.2176029 -0.9506157 0.2213114 -0.2175841 -0.9506978 0.2209772 -0.2425547 -0.9688622 -0.04973226 -0.2424947 -0.9688625 -0.05001729 -0.2494579 -0.9128046 -0.3233554 -0.2494377 -0.913126 -0.3224622 -0.2305501 -0.7429583 -0.6283787 -0.2307456 -0.7441517 -0.6268929 0.02528208 0.06451541 0.9975964 -0.05918061 -0.2818633 0.9576277 -0.05882358 -0.2801634 0.9581484 -0.1358354 -0.5908834 0.7952393 -0.1357423 -0.5905511 0.7955021 -0.1946967 -0.822835 0.5338873 -0.1946206 -0.8227004 0.5341226 -0.228079 -0.9480698 0.2216834 -0.2281156 -0.9480448 0.2217532 -0.2361366 -0.9703735 -0.05113494 -0.2361991 -0.9703691 -0.05093085 -0.2261496 -0.9182335 -0.3251211 -0.2260966 -0.9182153 -0.3252093 -0.188722 -0.7520149 -0.6315518 -0.1888313 -0.7527192 -0.6306795 0.121222 0.5681191 0.8139693 0.07895541 0.4007551 0.9127768 0.07923579 0.4018274 0.9122809 -0.002926945 0.06955289 0.997574 -0.002657771 0.07068824 0.9974949 -0.08545047 -0.2746125 0.9577506 -0.08536761 -0.2741513 0.9578901 -0.1575747 -0.585633 0.7951127 -0.1574179 -0.5851381 0.7955081 -0.2088958 -0.8191414 0.5342003 -0.208912 -0.8191133 0.5342371 -0.2336439 -0.9468457 0.2211198 -0.2336231 -0.9468064 0.2213093 -0.2340395 -0.9708127 -0.05242383 -0.2340001 -0.9708637 -0.05164927 -0.2163543 -0.9202205 -0.3261672 -0.2163676 -0.9202926 -0.3259549 -0.1704961 -0.7558959 -0.6321015 -0.1707135 -0.7566031 -0.6311964 0.2394087 0.7150182 0.6568352 0.2372815 0.6983497 0.6752817 0.2292948 0.6986896 0.6776848 -0.209307 -0.9527394 0.220178 -0.2379894 -0.9699311 -0.05093878 -0.2379082 -0.9699267 -0.05140101 -0.2488412 -0.9125846 -0.3244496 -0.2488166 -0.9129552 -0.3234242 -0.2349936 -0.7404603 -0.6296799 -0.2351978 -0.742566 -0.6271187 0.2509315 0.9341855 0.2536353 0.2531949 0.8886332 0.3823916 0.2485151 0.8893987 0.38368 0.2486928 0.8900305 0.3820962 0.2482946 0.8901231 0.3821397 0.2366788 0.9709776 0.03443342 0.2367326 0.9709537 0.03473848 0.2415694 0.9697957 0.03377157 0.2415769 0.9698092 0.03332799 0.2385951 0.9705143 0.0342682 -0.1059371 -0.5966475 0.7954805 -0.1753702 -0.8274713 0.5334197 -0.1752943 -0.8273177 0.533683 -0.2208003 -0.9498404 0.2214733 -0.2208414 -0.9499101 0.2211332 -0.2392062 -0.9696463 -0.05066061 -0.2391846 -0.9696666 -0.05037343 -0.2395748 -0.9149255 -0.3248314 -0.2396137 -0.9154454 -0.3233342 -0.2135012 -0.7454894 -0.6313976 -0.2139514 -0.7480926 -0.6281579 0.2024405 0.9465283 -0.2512015 0.1926931 0.9312347 -0.3093077 0.1958246 0.9304324 -0.3097552 0.1959249 0.930498 -0.3094947 0.2053839 0.928204 -0.3102496 0.2053227 0.9282044 -0.310289 0.2107455 0.9269195 -0.3104941 0.2106681 0.9267171 -0.3111504 0.216731 0.9252635 -0.3113123 -0.04494678 -0.2824882 0.9582172 -0.1245329 -0.5940798 0.7947081 -0.1241163 -0.5924945 0.7959557 -0.1869207 -0.8248212 0.5336017 -0.1868419 -0.8245627 0.5340285 -0.2246516 -0.9488773 0.2217284 -0.2246578 -0.9489344 0.2214781 -0.2365698 -0.9702711 -0.05107641 -0.2365029 -0.9703123 -0.05060261 -0.2304197 -0.9170486 -0.3254667 -0.2304298 -0.9174428 -0.3243467 -0.1972867 -0.7492908 -0.6321719 -0.1976612 -0.7513145 -0.629648 0.1035036 0.72053 -0.6856556 0.1269893 0.7845487 -0.6069242 0.1335852 0.7831668 -0.607293 0.1333606 0.7826793 -0.6079705 0.1463137 0.7800997 -0.6083065 0.1461591 0.7797642 -0.6087736 0.1592504 0.7770698 -0.608935 0.1590822 0.7765605 -0.6096283 0.172772 0.7740843 -0.6090512 0.1725138 0.7733892 -0.6100068 0.1814996 0.7716028 -0.6096615 0.05239146 0.5342779 -0.8436838 0.05175846 0.5321972 -0.8450369 0.06685549 0.5304208 -0.8450942 0.0666145 0.5295451 -0.8456622 0.086483 0.527426 -0.8451879 0.08572882 0.5244411 -0.8471199 0.1057662 0.5221177 -0.8462901 0.1052985 0.5204543 -0.8473722 0.1179084 0.519011 -0.8465963 0.1176072 0.5181628 -0.8471575 0.1350591 0.515996 -0.8458766 0.08808785 0.4007263 0.9119533 0.005026757 0.06426942 0.9979199 0.006319761 0.06962484 0.9975532 -0.07842588 -0.2791976 0.9570257 -0.07742792 -0.275036 0.9583111 -0.1521955 -0.5882899 0.7941986 -0.1517987 -0.586474 0.7956164 -0.2060242 -0.820083 0.5338708 -0.2059962 -0.8198817 0.5341907 -0.2335557 -0.946636 0.2221087 -0.2336328 -0.9468145 0.2212647 -0.236477 -0.9702941 -0.05106931 -0.2364395 -0.9702628 -0.05183023 -0.2209963 -0.9191576 -0.3260523 -0.221078 -0.9193215 -0.325534 -0.1772928 -0.7537669 -0.6327739 -0.1777384 -0.7553048 -0.6308121 0.1572055 0.5102527 -0.8455346 0.1408087 0.5122503 -0.8472146 0.1979572 0.7677941 -0.6093481 0.1941819 0.768518 -0.6096503 0.2286253 0.9224857 -0.3110477 0.2215241 0.9243386 -0.3106849 0.2361198 0.971125 0.03411716 0.2363141 0.9710754 0.03417968 0.226469 0.8949152 0.3844977 0.2371091 0.8931646 0.382147 0.2058829 0.7044999 0.6791849 0.2243391 0.7032434 0.6746264 0.1972538 0.5518388 0.8102869 0.205626 0.5519264 0.808143 0.1730464 0.3783258 0.909354 0.1408697 0.5125851 -0.847002 0.1344266 0.5134428 -0.8475294 0.1942418 0.7688054 -0.6092688 0.1814641 0.7714788 -0.6098289 0.2214517 0.9242657 -0.3109539 0.2167412 0.925452 -0.3107444 0.2363409 0.9710514 0.03467118 0.2386047 0.970509 0.03435289 0.2370427 0.8923345 0.3841223 0.2482675 0.8904653 0.3813595 0.2240163 0.701676 0.6763635 0.229523 0.7012869 0.6749193 0.2051514 0.5475522 0.8112333 0.2141803 0.5476347 0.8088406 0.1838529 0.3783749 0.9072104 0.2042566 0.4876276 0.8488219 0.1761923 0.3394254 0.9239842 0.150534 0.7203558 0.6770724 0.1079333 0.5687386 0.815406 0.1102665 0.5749328 0.8107365 0.06347095 0.4017757 0.913536 0.06547504 0.4094179 0.9099945 -0.02079945 0.07050603 0.9972945 -0.01876783 0.07883805 0.9967108 -0.1034004 -0.273133 0.9564031 -0.1018761 -0.2667705 0.9583605 -0.1730784 -0.5829087 0.79389 -0.1725075 -0.5801762 0.7960132 -0.2203053 -0.8163826 0.5338399 -0.2202399 -0.8160924 0.5343105 -0.239897 -0.9452145 0.2214024 -0.23992 -0.9453932 0.2206131 -0.2356273 -0.970476 -0.05153656 -0.2357279 -0.9704946 -0.05072212 -0.2129945 -0.9208811 -0.3265143 -0.2133143 -0.9217033 -0.3239758 -0.1612605 -0.7573147 -0.6328267 -0.1620791 -0.7601497 -0.629208 0.1794095 0.5042831 -0.8446957 0.1564443 0.5069261 -0.8476739 0.2105073 0.7648769 -0.6088104 0.1979352 0.7675911 -0.609611 0.2295051 0.9223731 -0.3107336 0.2285956 0.9225752 -0.310804 0.2367742 0.9709603 0.03426641 0.2361823 0.9711065 0.03420794 0.2213537 0.8962178 0.3844429 0.2266042 0.8954284 0.3832216 0.1884548 0.7080782 0.680522 0.2063671 0.7069763 0.6764593 0.1761346 0.5542499 0.813501 0.1975952 0.5540831 0.8086706 0.1631141 0.383211 0.9091442 0.1741393 0.3833211 0.9070504 0.1003593 0.04440021 0.9939602 0.1122228 0.04455488 0.9926837 0.02344119 -0.3057706 0.9518166 -0.1426101 -0.7618896 -0.6318123 -0.203001 -0.9244408 -0.3227999 -0.2025717 -0.9236364 -0.3253622 -0.2326213 -0.9712352 -0.05088824 -0.2326335 -0.9712308 -0.05091816 -0.2443501 -0.9440855 0.2213499 -0.2443424 -0.9442785 0.2205335 -0.2335334 -0.8132519 0.5329949 -0.2334964 -0.8130695 0.5332892 -0.1934207 -0.575818 0.7943691 -0.1936473 -0.5770879 0.7933917 -0.1280533 -0.2620034 0.9565337 -0.128839 -0.2654283 0.9554834 -0.04649162 0.08421242 0.9953627 -0.04793763 0.07853072 0.9957585 0.03967279 0.4147055 0.9090904 0.0381509 0.4093415 0.9115833 0.08643186 0.5798123 0.8101527 0.08509695 0.5757476 0.8131871 0.1307859 0.7253065 0.6758887 0.1297508 0.7218798 0.6797458 0.1938605 0.9035472 0.3821263 0.1975151 0.500404 -0.8429613 0.1790421 0.5024757 -0.8458501 0.225853 0.7608343 -0.6083763 0.21031 0.7639859 -0.6099962 0.2372377 0.9203315 -0.3109795 0.2294422 0.9222904 -0.3110255 0.2345057 0.9714729 0.03532117 0.2367483 0.9709435 0.03491568 0.2150783 0.8974486 0.385133 0.2214721 0.8965617 0.3835718 0.1792604 0.7113495 0.6795938 0.1890146 0.710758 0.6775667 0.1559619 0.5601961 0.8135457 0.1770817 0.5602951 0.8091424 0.1396071 0.3853405 0.9121527 0.16365 0.3855032 0.9080783 0.08737379 0.04973983 0.994933 0.1016562 0.04989224 0.9935677 0.01409673 -0.2992327 0.9540761 0.02512842 -0.2998602 0.9536522 -0.07675647 -0.6419919 0.7628597 -0.09730976 0.01760035 -0.9950986 -0.09879165 0.01215827 -0.9950339 -0.08698046 0.01236104 -0.9961334 -0.08783161 0.006522774 -0.9961141 -0.07411819 0.006673216 -0.9972272 -0.0738613 0.004664897 -0.9972577 -0.04874718 0.004861712 -0.9987994 -0.05024755 -0.001618742 -0.9987355 -0.02486789 -0.001243352 -0.9996901 -0.02581745 -0.00537002 -0.9996523 -0.01095861 -0.005427598 -0.9999253 -0.01140022 -0.007824659 -0.9999044 0.009017109 -0.007664501 -0.99993 0.007608532 -0.01186239 -0.9999008 0.0170229 -0.01183295 -0.9997851 0.01635777 -0.01400119 -0.9997682 0.03463244 -0.01385295 -0.9993041 0.03283637 -0.02136719 -0.9992324 0.06202387 -0.02131217 -0.9978471 0.06054854 -0.02630162 -0.9978187 0.08441519 -0.02693402 -0.9960666 0.0821501 -0.03490144 -0.9960086 -0.1563552 -0.2428036 -0.957392 -0.147862 -0.2029941 -0.9679516 -0.1362816 -0.2027034 -0.9697106 -0.1375628 -0.2082347 -0.9683567 -0.1245231 -0.2079863 -0.970173 -0.1251894 -0.2108036 -0.969479 -0.09990048 -0.2102836 -0.9725229 -0.1014068 -0.216836 -0.9709268 -0.07643723 -0.2164039 -0.9733071 -0.07742756 -0.2207739 -0.9722469 -0.06298393 -0.2205083 -0.9733495 -0.06337326 -0.2223811 -0.972898 -0.04383838 -0.2220058 -0.9740594 -0.04513341 -0.2272379 -0.9727929 -0.03572094 -0.2270936 -0.9732177 -0.03601443 -0.2282541 -0.9729353 -0.01869553 -0.2280335 -0.9734738 -0.02077591 -0.236318 -0.9714537 0.008000254 -0.2359806 -0.9717249 0.006552338 -0.2417294 -0.9703217 0.03006088 -0.2411682 -0.9700177 0.02746456 -0.2510269 -0.9675905 -0.1291688 -0.7705801 -0.6241168 -0.1940558 -0.9259946 -0.3238462 -0.2300624 -0.9719251 -0.04932451 -0.2299205 -0.9718722 -0.05099886 -0.2478128 -0.9432369 0.221118 -0.2477744 -0.9432171 0.2212451 -0.2441108 -0.8105133 0.5324268 -0.2441476 -0.8108865 0.5318413 -0.2100636 -0.5707996 0.793764 -0.2105339 -0.5735019 0.7916887 -0.1484021 -0.2545266 0.9556114 -0.1498345 -0.2610382 0.9536293 -0.06795215 0.09302043 0.9933427 -0.07022887 0.08405774 0.993983 0.01976114 0.4235444 0.9056599 0.01728934 0.4144894 0.9098899 0.06829333 0.5877295 0.8061701 0.06619578 0.5801989 0.8117805 0.1153419 0.7313439 0.6721848 0.11369 0.7264466 0.6777536 0.1842905 0.9066736 0.3794469 0.1836746 0.9052053 0.3832325 0.2316032 0.9722492 0.03303635 -0.06532782 -0.606889 0.7920972 -0.07428824 -0.605795 0.7921451 0.01528662 -0.2949461 0.9553917 -2.76541e-4 -0.2942539 0.9557273 0.08807545 0.05230569 0.9947396 0.06248068 0.05200469 0.9966905 0.1408986 0.3909645 0.9095572 0.1172258 0.3908802 0.9129462 0.1565477 0.5627592 0.8116619 0.1443852 0.5620151 0.8144273 0.1795728 0.7123696 0.6784418 0.1669017 0.7130489 0.680959 0.2151173 0.897645 0.3846533 0.2099145 0.8984555 0.3856344 0.2345108 0.9714753 0.03522127 0.2364014 0.9710245 0.03501319 0.2372047 0.9204646 -0.3106106 0.2441069 0.9187272 -0.3104065 0.2257999 0.7604808 -0.6088379 0.2382034 0.7579568 -0.6072567 0.1968275 0.4968123 -0.8452434 -0.02349698 0.3059045 -0.9517723 -0.04757946 0.2168293 -0.9750494 -0.03601944 0.216551 -0.9756067 -0.03722417 0.2119367 -0.9765742 -0.02170771 0.2115383 -0.9771287 -0.02227985 0.2091896 -0.9776213 0.002046823 0.2086362 -0.9779912 7.57371e-4 0.2034523 -0.9790846 0.02507251 0.2027744 -0.9789045 0.0241816 0.1992629 -0.9796478 0.03887403 0.1988933 -0.9792499 0.03840494 0.197167 -0.9796175 0.05848145 0.1966633 -0.9787254 0.05726909 0.1917454 -0.9797725 0.06576079 0.1914782 -0.9792914 0.0655933 0.1907775 -0.9794394 0.08389145 0.1901314 -0.9781679 0.08218407 0.1829829 -0.979675 0.1100129 0.182074 -0.9771112 0.1090768 0.1780422 -0.9779587 0.1315984 0.1774982 -0.9752827 0.1298886 0.1697695 -0.9768865 -0.1989868 -0.9466107 -0.2536386 -0.1127319 -0.7719345 -0.6256268 -0.08700096 -0.7044615 -0.7043897 -0.1436541 -0.7648475 -0.6279903 -0.1276302 -0.7662147 -0.6297823 -0.1944814 -0.92684 -0.3211616 -0.1864399 -0.9282836 -0.3217603 -0.2293062 -0.9720999 -0.04940235 -0.2554119 -0.9338836 0.2502524 -0.253812 -0.9417234 0.2207641 -0.2557616 -0.7751313 0.5777176 -0.2580402 -0.8075016 0.5304306 -0.2358455 -0.6022117 0.7627046 -0.2308902 -0.5682862 0.7897725 -0.1740197 -0.2548005 0.9512066 -0.1737538 -0.2537358 0.9515398 -0.05160593 0.2584701 0.9646399 -0.09449315 0.09271252 0.991199 0.02850252 0.5321028 0.8462 -0.004636466 0.4233795 0.9059407 0.04640597 0.5875771 0.8078364 0.04681259 0.5886052 0.8070642 0.1038013 0.7490398 0.654343 0.09754717 0.7326255 0.6736056 0.1794239 0.9165865 0.3573182 0.1747533 0.90822 0.3802601 0.2217367 0.9692265 0.1069244 0.2312386 0.9723358 0.03304213 0.2555163 0.9338597 -0.2502347 -0.146691 -0.8341205 0.5317186 -0.1523296 -0.832855 0.532117 -0.07367706 -0.604022 0.7935547 -0.08842027 -0.6018384 0.793708 1.79136e-4 -0.2923263 0.9563187 -0.02331167 -0.291258 0.9563605 0.06401419 0.05863171 0.9962251 0.03873258 0.05831289 0.9975467 0.118144 0.3948819 0.9111039 0.1046736 0.394881 0.91275 0.1447155 0.5635579 0.813302 0.1289888 0.5639095 0.815701 0.1673598 0.7149394 0.6788611 0.1597775 0.7154732 0.6801245 0.2099874 0.8986624 0.3851119 0.2055262 0.8994538 0.3856708 0.236414 0.9710374 0.03456729 0.233854 0.9716479 0.03482353 0.2442124 0.9187721 -0.3101909 0.2496408 0.9174098 -0.3099012 0.2381556 0.757359 -0.6080207 0.2541429 0.7542229 -0.6054415 0.2190648 0.4946768 -0.8410146 0.1741636 0.25492 -0.9511482 0.1559858 0.1692176 -0.9731566 0.1086038 -0.03635388 -0.9934202 0.1090861 -0.0345391 -0.9934321 0.04167777 -0.2941911 -0.9548376 0.05376392 -0.2503422 -0.9666635 -0.0328775 -0.5450869 -0.8377347 -0.055381 -0.5448526 -0.836701 -0.05307471 -0.5375818 -0.8415396 -0.07395642 -0.5371916 -0.8402117 -0.07262825 -0.5322712 -0.8434528 -0.09809559 -0.5317945 -0.8411729 -0.09630143 -0.5252243 -0.8454972 -0.1104124 -0.5250957 -0.8438506 -0.1101626 -0.5239551 -0.8445919 -0.1188773 -0.5238772 -0.8434578 -0.1180821 -0.5203997 -0.8457192 -0.1345193 -0.5203708 -0.8432786 -0.1341322 -0.5186579 -0.8443949 -0.1464738 -0.518605 -0.8423742 -0.1457947 -0.515245 -0.8445512 -0.1676989 -0.5150365 -0.8406038 -0.1666411 -0.5100311 -0.8438597 -0.1890323 -0.5099518 -0.8391758 -0.1886358 -0.5076614 -0.8406524 -0.1978245 -0.5076174 -0.8385643 -0.197017 -0.5035145 -0.8412239 -0.2069926 -0.5035069 -0.8388296 -0.242668 -0.7399461 -0.6273692 -0.2331498 -0.6678344 -0.706851 -0.2527778 -0.9119118 -0.3232963 -0.2511351 -0.934082 -0.2538149 -0.2389194 -0.9697271 -0.05046701 -0.2072899 -0.9531778 0.2201886 -0.2093421 -0.9526714 0.2204384 -0.1522684 -0.8326969 0.5323817 -0.1643733 -0.8300958 0.5328439 -0.08816808 -0.6013197 0.7941292 -0.1065276 -0.5988108 0.7937742 -0.02211374 -0.2864868 0.957829 -0.04563057 -0.2854231 0.9573147 0.03966873 0.06244009 0.9972602 0.02472984 0.06227397 0.9977527 0.1051064 0.3966833 0.9119184 0.08707326 0.3964511 0.9139174 0.1295903 0.5659335 0.8142024 0.1210081 0.566538 0.8151023 0.1599731 0.7162255 0.6792863 0.1495321 0.716843 0.6810113 0.205892 0.9004892 0.3830506 0.1935507 0.9025579 0.3846133 0.23391 0.9716792 0.03355306 0.2316255 0.9722232 0.03364133 0.2496266 0.9174423 -0.3098166 0.2580245 0.9153211 -0.3092098 0.2466806 0.68525 -0.68526 0.9999992 -0.001316606 0 1 -3.81425e-4 0 1 3.29019e-4 0 1 -2.86096e-4 0 1 3.42349e-4 0 1 -2.51604e-4 0 0.9999892 0.004651069 0 1 3.81388e-4 0 -0.9994384 -0.0154156 0.02975463 -0.9994349 -0.01548308 0.02983719 -0.9994304 -0.01520788 0.03012973 -0.9994456 -0.01564013 0.02939611 -0.9994442 -0.01497554 0.0297842 -0.999554 -0.01212066 0.02729678 -0.9994412 -0.01536363 0.02968555 -0.9994509 -0.01520353 0.02944117 -0.9994503 -0.0151897 0.02946853 -0.9994645 -0.01458334 0.02929705 -0.9993345 -0.01849704 0.03144305 -0.9994573 -0.01539164 0.02912598 -0.999443 -0.01461607 0.03000152 -0.9994451 -0.01553285 0.02946728 -0.9994384 -0.01539868 0.02976381 -0.9994515 -0.01519697 0.02942258 -0.9994487 -0.01521325 0.02951139 -0.1045781 -0.7032569 -0.7032021 0.03175014 0.1661297 -0.9855927 0.1134637 0.5018674 -0.8574703 0.1130778 0.5003201 -0.8584249 0.1790908 0.7671695 -0.6159363 0.1789833 0.7663424 -0.6169962 0.2194758 0.92484 -0.3106466 0.2194699 0.9247134 -0.3110275 0.233565 0.9717143 0.03490966 0.2336155 0.9716926 0.03517758 0.2190736 0.899289 0.3785316 0.2190559 0.8995692 0.3778753 0.1793234 0.7241626 0.6659067 0.1795903 0.724951 0.6649763 0.1467695 0.583967 0.7983993 0.1465395 0.5837275 0.7986166 0.1089886 0.4228329 0.8996298 0.1092886 0.4247029 0.8987121 0.0312758 0.0962097 0.9948696 0.03202927 0.09902882 0.994569 -0.0531674 -0.2543549 0.9656484 -0.05252909 -0.2518569 0.9663378 -0.1320278 -0.5775791 0.8055874 -0.1317926 -0.5763748 0.8064879 -0.1925179 -0.8204486 0.5383317 -0.192514 -0.8202362 0.5386567 -0.2259664 -0.9488454 0.2205259 -0.2259974 -0.9487725 0.2208075 -0.2335298 -0.9709213 -0.05268502 -0.2337005 -0.9709441 -0.05149555 -0.2236329 -0.9205318 -0.3203274 -0.2235562 -0.9202646 -0.3211477 -0.1881662 -0.7628158 -0.6186321 -0.188451 -0.7636887 -0.6174673 -0.1368265 -0.5415782 -0.8294405 -0.1373342 -0.5431033 -0.8283587 -0.06850272 -0.2527735 -0.9650974 -0.06922703 -0.2550433 -0.9644484 -0.01732873 -0.03792738 -0.9991303 -0.01847082 -0.04155939 -0.9989654 0.03238302 0.1682813 -0.985207 -0.1314001 -0.7807644 -0.6108527 -0.1992349 -0.9465515 -0.253665 -0.1890698 -0.9293641 -0.3170728 -0.2224906 -0.9735943 -0.05110841 -0.2385884 -0.9380216 0.2513788 -0.2376013 -0.9457131 0.2217486 -0.2328465 -0.8072616 0.5423204 -0.2166224 -0.6903222 0.6903116 -0.1958389 -0.5513215 0.8109819 -0.06500905 -0.5701164 -0.818988 0.0123195 -0.2901486 -0.9569023 0.01121389 -0.2943264 -0.9556392 0.06485766 -0.07748329 -0.9948819 0.07468491 -0.03703385 -0.9965193 0.1122706 0.1293119 -0.9852278 0.1211992 0.1686655 -0.9781936 0.1819694 0.4714437 -0.8629184 0.1701102 0.4131072 -0.8946537 0.2281289 0.750794 -0.6198918 0.2184998 0.6900854 -0.6899566 0.2400518 0.9191927 -0.3121858 0.2399202 0.9376919 -0.251341 0.2228634 0.9742423 0.0344094 0.2162571 0.9704313 0.1072199 0.1797068 0.9098225 0.3740704 0.1823832 0.91611 0.3570416 0.1175937 0.7445288 0.6571519 0.1187192 0.74778 0.6532465 0.07540374 0.6111295 0.787931 0.06849813 0.5870177 0.8066711 0.03100866 0.455636 0.889626 0.05152708 0.5313549 0.845581 -0.04943102 0.1362465 0.989441 -0.02104777 0.2587741 0.9657086 -0.1306187 -0.2165541 0.9674932 -0.1297582 -0.2122077 0.9685715 -0.1776614 -0.4516165 0.8743449 -0.2100446 -0.6897377 -0.6929237 -0.2399085 -0.9168305 -0.319164 -0.2406405 -0.9374732 -0.2514683 -0.2352184 -0.9705016 -0.05290704 -0.2131697 -0.9519383 0.2199369 -0.2097402 -0.9453379 0.2496907 -0.1624071 -0.8276189 0.537281 -0.151964 -0.7959434 0.5859872 -0.08795225 -0.5882465 0.8038846 -0.09775531 -0.6221454 0.7767748 -8.34236e-4 -0.2661879 0.9639208 -0.001026034 -0.2673265 0.9636055 0.08508574 0.08419317 0.9928102 0.09541267 0.1295758 0.9869684 0.1503381 0.3795255 0.912885 0.1570984 0.4116868 0.8976826 0.1791623 0.5222197 0.833779 0.1883146 0.5711612 0.7989447 0.1899867 0.5755589 0.7953848 0.2143976 0.7158082 0.6645692 0.2173463 0.7342489 0.6431478 0.2384286 0.8945371 0.3780943 0.2401093 0.937544 0.2517116 0.2344995 0.9714766 0.03526067 0.2014505 0.9292842 -0.3095942 0.209326 0.9451617 -0.2507032 0.1450208 0.775124 -0.6149404 0.1230453 0.7069786 -0.6964489 0.06670647 0.5128039 -0.8559103 -0.02157753 0.1802527 -0.9833837 8.54885e-4 0.2672513 -0.9636265 -0.07092684 -0.02562856 -0.9971523 -0.07218062 -0.02898687 -0.9969704 -0.120463 -0.2407233 -0.9630894 -0.1305941 -0.28637 -0.9491773 -0.1809123 -0.5312882 -0.8276495 -0.221163 -0.7548329 -0.6175065 -0.01160669 0.1802757 -0.9835476 -0.0648055 -0.03189504 -0.9973881 -0.06273734 -0.02559024 -0.997702 -0.1152089 -0.2454021 -0.9625512 -0.1140303 -0.2407271 -0.9638712 -0.1783958 -0.5340765 -0.8264003 -0.1780983 -0.5318449 -0.8279023 -0.2209687 -0.755617 -0.6166165 -0.2209177 -0.7550129 -0.6173741 -0.2434614 -0.9157509 -0.3195729 -0.2435677 -0.9159947 -0.3187924 -0.2413355 -0.9690324 -0.05228316 -0.2413765 -0.9690423 -0.05190891 -0.2212208 -0.9498927 0.2208286 -0.2212522 -0.9502069 0.2194407 -0.172205 -0.8246838 0.5387414 -0.1726425 -0.825701 0.5370405 -0.09766769 -0.5835579 0.8061769 -0.09898465 -0.5879383 0.8028268 -0.009082973 -0.260378 0.9654641 -0.01067095 -0.2661548 0.9638713 0.07848191 0.08913886 0.9929224 0.07731336 0.08416235 0.9934483 0.1532272 0.4151685 0.8967479 0.1523665 0.4115779 0.8985479 0.1875749 0.5778721 0.7942792 0.1856713 0.5718866 0.7990444 0.2142513 0.717141 0.6631782 0.2140023 0.7160243 0.6644639 0.2413582 0.8939571 0.3776068 0.2415153 0.8942047 0.3769196 0.2406282 0.9699866 0.03498679 0.2406628 0.9699831 0.03484708 0.210373 0.9271282 -0.3101236 0.2105243 0.9271513 -0.3099516 0.1548509 0.7722402 -0.6161707 0.1553133 0.7734625 -0.6145189 0.0760746 0.5078869 -0.858058 0.07738411 0.5124029 -0.8552514 -0.01294398 0.1749058 -0.9845001 0.01349848 0.1749044 -0.984493 -0.03804439 -0.03613543 -0.9986225 -0.03759711 -0.03176307 -0.9987881 -0.08968198 -0.2499975 -0.9640843 -0.08873558 -0.2458449 -0.965239 -0.1561508 -0.5385703 -0.8279849 -0.1555699 -0.5360832 -0.8297064 -0.2039406 -0.7596775 -0.6174936 -0.203612 -0.7583078 -0.6192831 -0.2338396 -0.9180032 -0.3202953 -0.2338683 -0.9180884 -0.3200303 -0.2384108 -0.9697871 -0.05170309 -0.2385346 -0.9697386 -0.05204391 -0.2253744 -0.9490444 0.2202752 -0.2253236 -0.9489781 0.2206128 -0.1848546 -0.8219401 0.5387422 -0.1850154 -0.8225854 0.5377012 -0.1177071 -0.5797084 0.8062774 -0.1184209 -0.5821053 0.804444 -0.03402143 -0.2566604 0.9659028 -0.03500044 -0.2602674 0.964902 0.05247652 0.09385615 0.9942019 0.05135411 0.08915716 0.9946929 0.1292957 0.419846 0.8983385 0.1284224 0.4162556 0.9001328 0.1657874 0.5820516 0.7960719 0.1655353 0.5792534 0.7981626 0.1958707 0.7209486 0.6647314 0.1955753 0.7195827 0.6662965 0.2303438 0.8967494 0.3778653 0.2302554 0.8963776 0.3788005 0.2382423 0.970573 0.03505641 0.2382118 0.9705879 0.03484791 0.2168624 0.9253427 -0.3109852 0.2168613 0.925501 -0.3105145 0.1696918 0.7691862 -0.6160824 0.169883 0.7700431 -0.6149582 0.09767365 0.5039573 -0.8581882 0.09831947 0.5066446 -0.8565306 0.01244837 0.170668 -0.98525 0.02236539 0.1706405 -0.9850795 -0.02846336 -0.03807502 -0.9988695 -0.02856326 -0.03604179 -0.998942 -0.08015042 -0.252685 -0.9642232 -0.07959574 -0.2501468 -0.9649307 -0.1475766 -0.5408106 -0.8280973 -0.1471735 -0.5392853 -0.8291631 -0.197121 -0.7615008 -0.6174625 -0.1969675 -0.7607563 -0.6184286 -0.2295781 -0.9191691 -0.3200348 -0.2296879 -0.9189078 -0.3207052 -0.2368928 -0.9701213 -0.05240792 -0.2368361 -0.9701841 -0.05149179 -0.2263657 -0.9488335 0.2201673 -0.2263299 -0.9487979 0.2203573 -0.1891307 -0.8210362 0.5386364 -0.1891747 -0.8211758 0.5384081 -0.1248298 -0.5780953 0.8063644 -0.1250649 -0.5792308 0.8055127 -0.04308497 -0.2543536 0.9661511 -0.04361802 -0.2565554 0.9655448 0.04275518 0.09627717 0.9944359 0.04219621 0.09382545 0.9946941 0.1202106 0.4224303 0.8983886 0.1196332 0.4201878 0.8995165 0.1571773 0.5826693 0.7973655 0.1573448 0.5828316 0.797214 0.1886163 0.722941 0.6646655 0.1884545 0.721738 0.6660174 0.2255862 0.8979116 0.3779759 0.2256724 0.8976789 0.378477 0.2366623 0.9709782 0.03453081 0.2367511 0.9709334 0.03517442 0.2188155 0.9250359 -0.3105293 0.2187567 0.9248912 -0.3110017 0.1745416 0.7677553 -0.6165121 0.1748723 0.7685946 -0.6153715 0.105392 0.5020077 -0.8584176 0.105737 0.5037403 -0.8573596 0.02166461 0.1682624 -0.9855042 0.03814703 0.1661728 -0.9853586 -0.01385444 -0.04877877 -0.9987135 -0.01257091 -0.0414862 -0.99906 -0.06610023 -0.2616528 -0.9628961 -0.06451988 -0.2551538 -0.9647455 -0.1352677 -0.5472342 -0.8259767 -0.1343659 -0.5431252 -0.828831 -0.1879695 -0.7649863 -0.6160061 -0.1876976 -0.763701 -0.6176817 -0.2251255 -0.9203329 -0.3198529 -0.2251162 -0.920069 -0.320618 -0.2366502 -0.9702272 -0.05153656 -0.2366107 -0.9702159 -0.05192786 -0.2305423 -0.94767 0.2208434 -0.2306212 -0.9477335 0.2204885 -0.198026 -0.8173024 0.5411124 -0.1985157 -0.8193855 0.5377723 -0.1373861 -0.5713892 0.809098 -0.138464 -0.5757809 0.8057942 -0.05730628 -0.2443968 0.9679806 -0.05916416 -0.2518895 0.9659459 0.02824318 0.1060827 0.9939562 0.02645295 0.0989542 0.9947403 0.1069633 0.4298348 0.8965495 0.1057143 0.4247947 0.8990963 0.1451907 0.5879841 0.7957352 0.1443338 0.5835658 0.7991364 0.1788097 0.7270315 0.662912 0.178428 0.7250208 0.665213 0.2202486 0.8996221 0.3770553 0.2201457 0.8992656 0.3779647 0.2367722 0.9709349 0.03499162 0.2367678 0.9709215 0.03539246 0.2243899 0.9231994 -0.3120132 0.2244958 0.9237654 -0.3102568 0.1846515 0.7634328 -0.6189301 0.1851727 0.7655953 -0.6160965 0.1185785 0.494488 -0.8610579 0.1198226 0.5001027 -0.8576363 0.03629302 0.1583797 -0.986711 0.05742174 0.1586445 -0.9856646 0.007926821 -0.04333049 -0.9990293 0.006603002 -0.04865384 -0.998794 -0.0449872 -0.2573042 -0.9652827 -0.04633438 -0.2621057 -0.9639263 -0.1184847 -0.5459258 -0.8294133 -0.1190769 -0.548458 -0.827656 -0.176431 -0.7660291 -0.6181193 -0.1766425 -0.7667422 -0.6171742 -0.2201071 -0.9214454 -0.3201427 -0.2201585 -0.9216463 -0.3195284 -0.2372094 -0.9700766 -0.05179917 -0.2370902 -0.9701299 -0.05134588 -0.2364132 -0.9465155 0.2195846 -0.2363293 -0.946434 0.2200259 -0.210534 -0.8169023 0.5369786 -0.2101362 -0.8154716 0.5393043 -0.1558452 -0.5737277 0.8040826 -0.1550728 -0.5704417 0.8065661 -0.07955765 -0.2505063 0.9648406 -0.07809573 -0.2444591 0.9665097 0.006069481 0.1007358 0.9948948 0.007475614 0.106065 0.9943312 0.08798956 0.4273974 0.8997718 0.08893024 0.4307193 0.8980938 0.1288229 0.5875381 0.7988765 0.1298048 0.5890321 0.7976165 0.1661304 0.727813 0.6653488 0.1663134 0.7289547 0.6640519 0.214003 0.9007588 0.3779373 0.2140343 0.9009579 0.3774443 0.2376137 0.97074 0.03469336 0.2375099 0.9707466 0.03521674 0.232154 0.9220941 -0.3095916 0.232033 0.9215586 -0.3112725 0.1989264 0.7638328 -0.6139933 0.1985639 0.7619684 -0.6164223 0.1381679 0.4977807 -0.8562266 0.1372173 0.4937714 -0.8586975 0.05883806 0.1645577 -0.984611 0.06700152 0.164659 -0.9840723 0.01478427 -0.05403178 -0.9984298 0.01694649 -0.04329055 -0.9989188 -0.03771257 -0.2664785 -0.9631028 -0.03537136 -0.2573298 -0.9656761 -0.1105382 -0.5519261 -0.8265343 -0.1091231 -0.5466893 -0.8301946 -0.1687607 -0.7690868 -0.616462 -0.1681374 -0.767148 -0.6190426 -0.2141743 -0.9228234 -0.3201975 -0.214149 -0.922712 -0.3205352 -0.2332452 -0.9711038 -0.05053931 -0.2332536 -0.9710485 -0.05155354 -0.2349451 -0.9466676 0.2205026 -0.2349995 -0.9467953 0.2198951 -0.2117422 -0.8143176 0.5404186 -0.2122928 -0.8166211 0.536714 -0.1594436 -0.566961 0.8081665 -0.1609051 -0.5733727 0.8033388 -0.08472853 -0.2399029 0.9670923 -0.0872122 -0.2505448 0.9641688 -6.29861e-4 0.1112567 0.9937915 -0.003234744 0.1006272 0.994919 0.08031141 0.4349897 0.8968468 0.07852256 0.4277378 0.9004858 0.1210517 0.5916849 0.7970293 0.1196796 0.5880743 0.7999035 0.1584417 0.7312554 0.6634469 0.1577183 0.7288185 0.6662946 0.207669 0.902428 0.377488 0.2075661 0.9020927 0.3783452 0.2338947 0.9716438 0.03466796 0.2339125 0.9716344 0.03480982 0.2312911 0.9216203 -0.3116419 0.2314444 0.9221848 -0.3098531 0.2007168 0.7599627 -0.6181986 0.2014688 0.7634203 -0.6136774 0.1420983 0.4896339 -0.8602713 0.1439689 0.497616 -0.8553662 0.06435269 0.1534289 -0.9860621 0.0799911 0.1536251 -0.9848862 0.02852582 -0.05634444 -0.9980039 0.0294941 -0.0539608 -0.9981074 -0.02485322 -0.2688622 -0.962858 -0.02426475 -0.2667412 -0.9634627 -0.1007095 -0.5536357 -0.8266469 -0.1004639 -0.5527662 -0.8272586 -0.1630685 -0.7706504 -0.6160412 -0.1628196 -0.7700859 -0.6168124 -0.2131753 -0.9231228 -0.320001 -0.2132429 -0.9230372 -0.3202028 -0.2363632 -0.9703435 -0.05065351 -0.2361867 -0.9703623 -0.0511167 -0.2417936 -0.945026 0.2201403 -0.2416746 -0.9451349 0.2198036 -0.2227625 -0.8122601 0.539083 -0.22276 -0.8126103 0.5385559 -0.1733737 -0.5647458 0.8068482 -0.1736591 -0.5660217 0.805892 -0.09977233 -0.2376503 0.9662132 -0.1004073 -0.2399578 0.9655769 -0.01465868 0.1134612 0.9934343 -0.01517629 0.1112818 0.993673 0.06898301 0.4368079 0.896906 0.06855618 0.435616 0.8975182 0.1122912 0.593993 0.7965947 0.111409 0.593356 0.7971932 0.1518033 0.7331059 0.6629566 0.1516183 0.7323389 0.6638463 0.2057235 0.9028955 0.3774356 0.2057167 0.9028344 0.3775857 0.2372313 0.970824 0.03496003 0.2370842 0.9708633 0.03486722 0.2394198 0.9199897 -0.3103179 0.2393604 0.9199239 -0.3105587 0.2126921 0.7576082 -0.6170834 0.2127649 0.7585576 -0.615891 0.1565842 0.4874419 -0.8590005 0.1569965 0.4890641 -0.8580026 0.07940578 0.1514903 -0.9852642 0.09717702 0.1516602 -0.9836441 0.04651355 -0.0596565 -0.9971347 0.04721438 -0.05611544 -0.9973074 -0.007261931 -0.272783 -0.9620482 -0.006437897 -0.2691998 -0.9630629 -0.08498334 -0.5579423 -0.8255169 -0.08412504 -0.5549861 -0.827595 -0.1503611 -0.773863 -0.6152461 -0.1499203 -0.7726665 -0.6168555 -0.2052724 -0.9250109 -0.3197156 -0.2052239 -0.9249607 -0.3198918 -0.232957 -0.9711767 -0.05046808 -0.2329028 -0.9711785 -0.05068284 -0.2430493 -0.9447148 0.2200933 -0.2430354 -0.9447421 0.219991 -0.230084 -0.8108955 0.5380614 -0.2301427 -0.8111929 0.5375877 -0.1860208 -0.5621269 0.8058596 -0.1863666 -0.563957 0.8044999 -0.1159966 -0.2338914 0.9653185 -0.1168761 -0.237662 0.9642908 -0.03228825 0.1174333 0.9925557 -0.03328287 0.1133849 0.9929935 0.05224847 0.4411003 0.8959357 0.05145233 0.4377841 0.8976067 0.09669226 0.5992615 0.7946926 0.09629648 0.5959845 0.797201 0.1381857 0.7359543 0.662779 0.1379772 0.7352058 0.6636527 0.1970109 0.905199 0.3765652 0.1967479 0.904884 0.3774588 0.2339545 0.971629 0.03467464 0.2340978 0.9715971 0.03459984 0.2423545 0.9191746 -0.3104555 0.2423674 0.9193767 -0.3098461 0.2214803 0.7559386 -0.6160385 0.2215973 0.756493 -0.6153154 0.1704515 0.484917 -0.857789 0.1708668 0.4868451 -0.8566133 0.09612506 0.1475138 -0.9843779 0.1117643 0.1476506 -0.9827045 0.06443655 -0.05154383 -0.9965898 0.06232112 -0.0604881 -0.9962216 0.009497642 -0.2660302 -0.963918 0.007628798 -0.2730114 -0.9619806 -0.07085448 -0.5537962 -0.8296322 -0.07248127 -0.5589844 -0.8260042 -0.1404561 -0.7727596 -0.6189626 -0.1413848 -0.775235 -0.615647 -0.200818 -0.9257737 -0.320336 -0.2008525 -0.9259955 -0.3196727 -0.2326234 -0.9712289 -0.0509988 -0.2327275 -0.97124 -0.05030822 -0.2468971 -0.9436948 0.2201867 -0.246857 -0.9438577 0.2195322 -0.2385429 -0.8097376 0.5361178 -0.2385324 -0.8096487 0.5362567 -0.1991159 -0.5639781 0.8014248 -0.1987529 -0.5613509 0.803357 -0.1325991 -0.2399702 0.9616819 -0.1312711 -0.2340107 0.9633311 -0.04968178 0.1102797 0.9926581 -0.04794752 0.1173024 0.9919381 0.03665333 0.4355424 0.8994218 0.03834277 0.4415988 0.8963931 0.08329558 0.5942988 0.7999193 0.08515268 0.6005902 0.7950096 0.1276172 0.7351269 0.6658095 0.1284551 0.7374448 0.6630796 0.191349 0.9056159 0.3784778 0.191707 0.9063518 0.37653 0.2339166 0.9716413 0.03458863 0.2339822 0.9716241 0.03462433 0.2474272 0.9178858 -0.3102666 0.2474729 0.9181333 -0.3094971 0.2313132 0.7555752 -0.6128624 0.2312056 0.7547942 -0.6138646 0.1846017 0.4875507 -0.853356 0.1839784 0.4845126 -0.8552191 0.1132205 0.1538164 -0.9815914 0.09971737 0.1539578 -0.9830328 0.04406028 -0.07895398 -0.9959042 0.05052822 -0.05144691 -0.9973967 -0.01025658 -0.2896858 -0.9570668 -0.00370562 -0.2659896 -0.9639688 -0.08674257 -0.5678462 -0.8185515 -0.08215159 -0.5530438 -0.8290922 -0.1509742 -0.7771071 -0.6109923 -0.1487965 -0.7715985 -0.6184623 -0.2056717 -0.9253242 -0.3185502 -0.2052255 -0.9248222 -0.3202912 -0.2337369 -0.9708461 -0.05314946 -0.2337954 -0.9709486 -0.05097556 -0.2445681 -0.9443154 0.2201247 -0.244633 -0.9442032 0.2205337 -0.231688 -0.8072699 0.5428038 -0.2320584 -0.8108387 0.5372982 -0.1862601 -0.5513906 0.8131886 -0.1888442 -0.564697 0.8034023 -0.1139872 -0.2159558 0.9697268 -0.1193159 -0.2401504 0.963375 -0.02885192 0.1364001 0.9902337 -0.03524136 0.1102796 0.9932757 0.05532413 0.4542443 0.8891578 0.05030167 0.4349 0.8990728 0.09960484 0.607869 0.7877653 0.09526127 0.5936683 0.7990516 0.1401288 0.7406054 0.6571663 0.1379678 0.7337322 0.6652835 0.1981287 0.9055252 0.3751924 0.1975766 0.9043001 0.3784242 0.235345 0.9712256 0.03652119 0.2353748 0.9712888 0.03459447 0.2439841 0.9185333 -0.3110763 0.2440699 0.9186078 -0.3107887 0.2224963 0.7512777 -0.6213513 0.223495 0.7567138 -0.6143567 0.1694251 0.4713534 -0.8655179 0.1731051 0.4883973 -0.8552794 0.09359049 0.1284489 -0.9872902</float_array>
          <technique_common>
            <accessor source="#cableAssem-mesh-normals-array" count="1834" stride="3">
              <param name="X" type="float"/>
              <param name="Y" type="float"/>
              <param name="Z" type="float"/>
            </accessor>
          </technique_common>
        </source>
        <vertices id="cableAssem-mesh-vertices">
          <input semantic="POSITION" source="#cableAssem-mesh-positions"/>
        </vertices>
        <triangles count="1874">
          <input semantic="VERTEX" source="#cableAssem-mesh-vertices" offset="0"/>
          <input semantic="NORMAL" source="#cableAssem-mesh-normals" offset="1"/>
          <p>0 0 1 0 2 0 0 1 2 1 3 1 4 1 5 1 2 1 2 2 5 2 6 2 2 3 6 3 3 3 7 4 8 4 2 4 2 5 8 5 9 5 2 1 9 1 4 1 10 6 11 6 2 6 2 7 11 7 12 7 2 8 12 8 7 8 13 1 14 1 2 1 2 1 14 1 15 1 2 9 15 9 10 9 1 10 16 10 2 10 2 1 16 1 17 1 2 1 17 1 13 1 18 11 19 11 20 11 18 12 20 12 21 12 22 13 23 13 20 13 20 14 23 14 24 14 20 15 24 15 21 15 25 16 26 16 20 16 20 17 26 17 27 17 20 18 27 18 22 18 28 19 29 19 20 19 20 20 29 20 30 20 20 21 30 21 25 21 31 22 32 22 20 22 20 23 32 23 33 23 20 24 33 24 28 24 19 25 34 25 20 25 20 26 34 26 35 26 20 27 35 27 31 27 36 28 37 28 38 28 38 29 37 29 39 29 38 30 39 30 40 30 40 31 39 31 41 31 40 32 41 32 42 32 42 33 41 33 43 33 42 34 43 34 44 34 44 35 43 35 45 35 44 36 45 36 46 36 46 37 45 37 47 37 46 38 47 38 48 38 48 39 47 39 49 39 48 40 49 40 50 40 50 41 49 41 51 41 50 42 51 42 52 42 52 43 51 43 53 43 52 44 53 44 54 44 54 45 53 45 55 45 54 46 55 46 56 46 56 47 55 47 57 47 56 48 57 48 58 48 58 49 57 49 59 49 58 50 59 50 60 50 60 51 59 51 61 51 60 52 61 52 62 52 62 53 61 53 63 53 62 54 63 54 64 54 64 55 63 55 65 55 64 56 65 56 66 56 66 57 65 57 67 57 66 58 67 58 68 58 68 59 67 59 69 59 68 60 69 60 70 60 70 61 69 61 71 61 70 62 71 62 72 62 72 63 71 63 73 63 72 64 73 64 74 64 74 65 73 65 75 65 74 66 75 66 36 66 36 67 75 67 37 67 4 68 76 68 5 68 5 69 76 69 77 69 5 70 77 70 6 70 1 71 78 71 16 71 16 72 78 72 79 72 16 73 79 73 17 73 17 74 79 74 80 74 17 75 80 75 13 75 13 76 80 76 81 76 13 77 81 77 14 77 14 78 81 78 82 78 14 79 82 79 15 79 15 80 82 80 83 80 15 81 83 81 10 81 10 82 83 82 84 82 10 83 84 83 11 83 11 84 84 84 85 84 11 85 85 85 12 85 12 86 85 86 86 86 12 87 86 87 7 87 7 88 86 88 87 88 7 89 87 89 8 89 8 90 87 90 88 90 8 91 88 91 9 91 9 92 88 92 89 92 9 93 89 93 4 93 4 94 89 94 90 94 4 95 90 95 76 95 77 96 91 96 6 96 6 97 91 97 92 97 6 98 92 98 3 98 3 99 92 99 93 99 3 100 93 100 0 100 0 101 93 101 94 101 0 102 94 102 1 102 1 103 94 103 95 103 1 104 95 104 78 104 19 105 96 105 34 105 34 106 96 106 97 106 34 107 97 107 35 107 97 108 98 108 35 108 35 109 98 109 99 109 35 110 99 110 31 110 31 111 99 111 100 111 31 112 100 112 32 112 32 113 100 113 101 113 32 114 101 114 33 114 33 115 101 115 102 115 33 116 102 116 28 116 28 117 102 117 103 117 28 118 103 118 29 118 29 119 103 119 30 119 30 120 103 120 104 120 30 121 104 121 25 121 25 122 104 122 105 122 25 123 105 123 26 123 26 124 105 124 106 124 26 125 106 125 27 125 27 126 106 126 107 126 27 127 107 127 22 127 107 128 108 128 22 128 22 129 108 129 109 129 22 130 109 130 23 130 23 131 109 131 110 131 23 132 110 132 24 132 110 133 111 133 24 133 24 134 111 134 112 134 24 135 112 135 21 135 21 136 112 136 113 136 21 137 113 137 18 137 18 138 113 138 114 138 18 139 114 139 19 139 19 140 114 140 115 140 19 141 115 141 96 141 111 142 116 142 112 142 112 143 116 143 117 143 112 144 117 144 113 144 113 145 117 145 118 145 113 146 118 146 114 146 114 147 118 147 119 147 114 148 119 148 115 148 115 149 119 149 120 149 115 150 120 150 96 150 96 151 120 151 121 151 96 152 121 152 97 152 97 153 121 153 122 153 97 154 122 154 98 154 98 155 122 155 123 155 98 156 123 156 99 156 99 157 123 157 124 157 99 158 124 158 100 158 100 159 124 159 125 159 100 160 125 160 101 160 101 161 125 161 126 161 101 162 126 162 102 162 102 163 126 163 127 163 102 164 127 164 103 164 103 165 127 165 128 165 103 166 128 166 104 166 104 167 128 167 129 167 104 168 129 168 105 168 105 169 129 169 130 169 105 170 130 170 106 170 106 171 130 171 131 171 106 172 131 172 107 172 107 173 131 173 132 173 107 174 132 174 108 174 108 175 132 175 133 175 108 176 133 176 109 176 109 177 133 177 134 177 109 178 134 178 110 178 110 179 134 179 135 179 110 180 135 180 111 180 111 181 135 181 116 181 135 182 136 182 116 182 116 183 136 183 137 183 116 184 137 184 117 184 117 185 137 185 138 185 117 186 138 186 118 186 118 187 138 187 139 187 118 188 139 188 119 188 119 189 139 189 140 189 119 190 140 190 120 190 120 191 140 191 141 191 120 192 141 192 121 192 121 193 141 193 142 193 121 194 142 194 122 194 122 195 142 195 143 195 122 196 143 196 123 196 123 197 143 197 144 197 123 198 144 198 124 198 124 199 144 199 145 199 124 200 145 200 125 200 125 201 145 201 146 201 125 202 146 202 126 202 126 203 146 203 147 203 126 204 147 204 127 204 127 205 147 205 148 205 127 206 148 206 128 206 128 207 148 207 149 207 128 208 149 208 129 208 129 209 149 209 150 209 129 210 150 210 130 210 130 211 150 211 151 211 130 212 151 212 131 212 131 213 151 213 152 213 131 214 152 214 132 214 132 215 152 215 153 215 132 216 153 216 133 216 133 217 153 217 154 217 133 218 154 218 134 218 134 219 154 219 155 219 134 220 155 220 135 220 135 221 155 221 136 221 155 222 75 222 136 222 136 223 75 223 73 223 136 224 73 224 137 224 137 225 73 225 71 225 137 226 71 226 138 226 138 227 71 227 69 227 138 228 69 228 139 228 139 229 69 229 67 229 139 230 67 230 140 230 140 231 67 231 65 231 140 232 65 232 141 232 141 233 65 233 63 233 141 234 63 234 142 234 142 235 63 235 61 235 142 236 61 236 143 236 143 237 61 237 59 237 143 238 59 238 144 238 144 239 59 239 57 239 144 240 57 240 145 240 145 241 57 241 55 241 145 242 55 242 146 242 146 243 55 243 53 243 146 244 53 244 147 244 147 245 53 245 51 245 147 246 51 246 148 246 148 247 51 247 49 247 148 248 49 248 149 248 149 249 49 249 47 249 149 250 47 250 150 250 150 251 47 251 45 251 150 252 45 252 151 252 151 253 45 253 43 253 151 254 43 254 152 254 152 255 43 255 41 255 152 256 41 256 153 256 153 257 41 257 39 257 153 258 39 258 154 258 154 259 39 259 37 259 154 260 37 260 155 260 155 261 37 261 75 261 38 262 156 262 36 262 36 263 156 263 157 263 36 264 157 264 74 264 74 265 157 265 158 265 74 266 158 266 72 266 72 267 158 267 159 267 72 268 159 268 70 268 70 269 159 269 160 269 70 270 160 270 68 270 68 271 160 271 161 271 68 272 161 272 66 272 66 273 161 273 162 273 66 274 162 274 64 274 64 275 162 275 163 275 64 276 163 276 62 276 62 277 163 277 164 277 62 278 164 278 60 278 60 279 164 279 165 279 60 280 165 280 58 280 58 281 165 281 166 281 58 282 166 282 56 282 56 283 166 283 167 283 56 284 167 284 54 284 54 285 167 285 168 285 54 286 168 286 52 286 52 287 168 287 169 287 52 288 169 288 50 288 50 289 169 289 170 289 50 290 170 290 48 290 48 291 170 291 171 291 48 292 171 292 46 292 46 293 171 293 172 293 46 294 172 294 44 294 44 295 172 295 173 295 44 296 173 296 42 296 42 297 173 297 174 297 42 298 174 298 40 298 40 299 174 299 175 299 40 300 175 300 38 300 38 301 175 301 156 301 175 302 176 302 156 302 156 303 176 303 177 303 156 304 177 304 157 304 157 305 177 305 178 305 157 306 178 306 158 306 158 307 178 307 179 307 158 308 179 308 159 308 159 309 179 309 180 309 159 310 180 310 160 310 160 311 180 311 181 311 160 312 181 312 161 312 161 313 181 313 182 313 161 314 182 314 162 314 162 315 182 315 183 315 162 316 183 316 163 316 163 317 183 317 184 317 163 318 184 318 164 318 164 319 184 319 185 319 164 320 185 320 165 320 165 321 185 321 186 321 165 322 186 322 166 322 166 323 186 323 187 323 166 324 187 324 167 324 167 325 187 325 188 325 167 326 188 326 168 326 168 327 188 327 189 327 168 328 189 328 169 328 169 329 189 329 190 329 169 330 190 330 170 330 170 331 190 331 191 331 170 332 191 332 171 332 171 333 191 333 192 333 171 334 192 334 172 334 172 335 192 335 193 335 172 336 193 336 173 336 173 337 193 337 194 337 173 338 194 338 174 338 174 339 194 339 195 339 174 340 195 340 175 340 175 341 195 341 176 341 195 342 196 342 176 342 176 343 196 343 197 343 176 344 197 344 177 344 177 345 197 345 198 345 177 346 198 346 178 346 178 347 198 347 199 347 178 348 199 348 179 348 179 349 199 349 200 349 179 350 200 350 180 350 180 351 200 351 201 351 180 352 201 352 181 352 181 353 201 353 202 353 181 354 202 354 182 354 182 355 202 355 203 355 182 356 203 356 183 356 183 357 203 357 204 357 183 358 204 358 184 358 184 359 204 359 205 359 184 360 205 360 185 360 185 361 205 361 206 361 185 362 206 362 186 362 186 363 206 363 207 363 186 364 207 364 187 364 187 365 207 365 208 365 187 366 208 366 188 366 188 367 208 367 209 367 188 368 209 368 189 368 189 369 209 369 210 369 189 370 210 370 190 370 190 371 210 371 211 371 190 372 211 372 191 372 191 373 211 373 212 373 191 374 212 374 192 374 192 375 212 375 213 375 192 376 213 376 193 376 193 377 213 377 214 377 193 378 214 378 194 378 194 379 214 379 215 379 194 380 215 380 195 380 195 381 215 381 196 381 215 382 216 382 196 382 196 383 216 383 217 383 196 384 217 384 197 384 197 385 217 385 218 385 197 386 218 386 198 386 198 387 218 387 219 387 198 388 219 388 199 388 199 389 219 389 220 389 199 390 220 390 200 390 200 391 220 391 221 391 200 392 221 392 201 392 201 393 221 393 222 393 201 394 222 394 202 394 202 395 222 395 223 395 202 396 223 396 203 396 203 397 223 397 224 397 203 398 224 398 204 398 204 399 224 399 225 399 204 400 225 400 205 400 205 401 225 401 226 401 205 402 226 402 206 402 206 403 226 403 227 403 206 404 227 404 207 404 207 405 227 405 228 405 207 406 228 406 208 406 208 407 228 407 229 407 208 408 229 408 209 408 209 409 229 409 230 409 209 410 230 410 210 410 210 411 230 411 231 411 210 412 231 412 211 412 211 413 231 413 232 413 211 414 232 414 212 414 212 415 232 415 233 415 212 416 233 416 213 416 213 417 233 417 234 417 213 418 234 418 214 418 214 419 234 419 235 419 214 420 235 420 215 420 215 421 235 421 216 421 235 422 93 422 216 422 216 423 93 423 92 423 216 424 92 424 217 424 217 425 92 425 91 425 217 426 91 426 218 426 218 427 91 427 77 427 218 428 77 428 219 428 219 429 77 429 76 429 219 430 76 430 220 430 220 431 76 431 90 431 220 432 90 432 221 432 221 433 90 433 89 433 221 434 89 434 222 434 222 435 89 435 88 435 222 436 88 436 223 436 223 437 88 437 87 437 223 438 87 438 224 438 224 439 87 439 86 439 224 440 86 440 225 440 225 441 86 441 85 441 225 442 85 442 226 442 226 443 85 443 84 443 226 444 84 444 227 444 227 445 84 445 83 445 227 446 83 446 228 446 228 447 83 447 82 447 228 448 82 448 229 448 229 449 82 449 81 449 229 450 81 450 230 450 230 451 81 451 80 451 230 452 80 452 231 452 231 453 80 453 79 453 231 454 79 454 232 454 232 455 79 455 78 455 232 456 78 456 233 456 233 457 78 457 95 457 233 458 95 458 234 458 234 459 95 459 94 459 234 460 94 460 235 460 235 461 94 461 93 461 236 1 237 1 238 1 236 1 238 1 239 1 240 1 241 1 238 1 238 1 241 1 242 1 238 462 242 462 239 462 243 463 244 463 238 463 238 464 244 464 245 464 238 1 245 1 240 1 246 465 247 465 238 465 238 1 247 1 248 1 238 1 248 1 243 1 249 1 250 1 238 1 238 466 250 466 251 466 238 467 251 467 246 467 237 1 252 1 238 1 238 1 252 1 253 1 238 1 253 1 249 1 254 468 255 468 256 468 254 469 256 469 257 469 258 470 259 470 256 470 256 471 259 471 260 471 256 472 260 472 257 472 261 473 262 473 256 473 256 474 262 474 263 474 256 475 263 475 258 475 264 476 265 476 256 476 256 477 265 477 266 477 256 478 266 478 261 478 267 479 268 479 256 479 256 480 268 480 269 480 256 481 269 481 264 481 255 482 270 482 256 482 256 483 270 483 271 483 256 484 271 484 267 484 272 485 260 485 273 485 266 486 265 486 274 486 274 487 265 487 264 487 275 488 264 488 269 488 276 489 269 489 268 489 277 490 268 490 267 490 278 491 267 491 271 491 279 492 261 492 266 492 259 493 258 493 280 493 280 494 258 494 281 494 280 495 281 495 282 495 283 496 284 496 285 496 285 497 284 497 286 497 285 498 286 498 287 498 287 499 286 499 288 499 287 500 288 500 289 500 289 501 288 501 290 501 289 502 290 502 291 502 260 503 259 503 273 503 273 504 259 504 280 504 273 505 280 505 292 505 292 506 280 506 282 506 292 507 282 507 293 507 294 508 283 508 295 508 295 509 283 509 285 509 295 510 285 510 296 510 296 511 285 511 287 511 296 512 287 512 297 512 297 513 287 513 289 513 297 514 289 514 298 514 298 515 289 515 291 515 298 516 291 516 299 516 272 517 273 517 300 517 300 518 273 518 292 518 300 519 292 519 301 519 301 520 292 520 293 520 301 521 293 521 302 521 303 522 294 522 304 522 304 523 294 523 295 523 304 524 295 524 305 524 305 525 295 525 296 525 305 526 296 526 306 526 306 527 296 527 297 527 306 528 297 528 307 528 307 529 297 529 298 529 307 530 298 530 308 530 308 531 298 531 299 531 308 532 299 532 309 532 310 533 302 533 311 533 311 534 302 534 293 534 311 535 293 535 312 535 312 536 293 536 282 536 312 537 282 537 313 537 313 538 282 538 281 538 313 539 281 539 314 539 314 540 281 540 258 540 314 541 258 541 263 541 315 542 303 542 316 542 316 543 303 543 304 543 316 544 304 544 317 544 317 545 304 545 305 545 317 546 305 546 318 546 318 547 305 547 306 547 318 548 306 548 319 548 319 549 306 549 307 549 319 550 307 550 320 550 320 551 307 551 308 551 320 552 308 552 321 552 321 553 308 553 309 553 321 554 309 554 322 554 323 555 310 555 324 555 324 556 310 556 311 556 324 557 311 557 325 557 325 558 311 558 312 558 325 559 312 559 326 559 326 560 312 560 313 560 326 561 313 561 327 561 327 562 313 562 314 562 327 563 314 563 328 563 328 564 314 564 263 564 328 565 263 565 262 565 322 566 329 566 321 566 321 567 329 567 330 567 321 568 330 568 320 568 320 569 330 569 331 569 320 570 331 570 319 570 319 571 331 571 332 571 319 572 332 572 318 572 318 573 332 573 333 573 318 574 333 574 317 574 317 575 333 575 334 575 317 576 334 576 316 576 316 577 334 577 335 577 316 578 335 578 315 578 315 579 335 579 336 579 337 580 323 580 338 580 338 581 323 581 324 581 338 582 324 582 339 582 339 583 324 583 325 583 339 584 325 584 340 584 340 585 325 585 326 585 340 586 326 586 341 586 341 587 326 587 327 587 341 588 327 588 342 588 342 589 327 589 328 589 342 590 328 590 343 590 343 591 328 591 262 591 343 592 262 592 261 592 254 593 257 593 344 593 344 594 257 594 345 594 344 595 345 595 346 595 346 596 345 596 347 596 346 597 347 597 348 597 348 598 347 598 349 598 348 599 349 599 350 599 350 600 349 600 351 600 350 601 351 601 352 601 352 602 351 602 353 602 352 603 353 603 354 603 354 604 353 604 355 604 354 605 355 605 356 605 356 606 355 606 357 606 255 607 254 607 358 607 358 608 254 608 344 608 358 609 344 609 359 609 359 610 344 610 346 610 359 611 346 611 360 611 360 612 346 612 348 612 360 613 348 613 361 613 361 614 348 614 350 614 361 615 350 615 362 615 362 616 350 616 352 616 362 617 352 617 363 617 363 618 352 618 354 618 363 619 354 619 364 619 364 620 354 620 356 620 365 621 366 621 367 621 329 622 368 622 330 622 330 623 368 623 369 623 330 624 369 624 331 624 331 625 369 625 370 625 331 626 370 626 332 626 332 627 370 627 371 627 332 628 371 628 333 628 333 629 371 629 372 629 333 630 372 630 334 630 334 631 372 631 373 631 334 632 373 632 335 632 335 633 373 633 374 633 335 634 374 634 336 634 336 635 374 635 375 635 261 636 279 636 343 636 343 637 279 637 376 637 343 638 376 638 342 638 342 639 376 639 377 639 342 640 377 640 341 640 341 641 377 641 378 641 341 642 378 642 340 642 340 643 378 643 379 643 340 644 379 644 339 644 339 645 379 645 380 645 339 646 380 646 338 646 338 647 380 647 381 647 338 648 381 648 337 648 257 649 260 649 345 649 345 650 260 650 272 650 345 651 272 651 347 651 347 652 272 652 300 652 347 653 300 653 349 653 349 654 300 654 301 654 349 655 301 655 351 655 351 656 301 656 302 656 351 657 302 657 353 657 353 658 302 658 310 658 353 659 310 659 355 659 355 660 310 660 323 660 355 661 323 661 357 661 357 662 323 662 337 662 240 663 367 663 241 663 241 664 367 664 366 664 241 665 366 665 242 665 322 666 365 666 329 666 329 667 365 667 367 667 329 668 367 668 368 668 368 669 367 669 240 669 368 670 240 670 369 670 369 671 240 671 245 671 369 672 245 672 370 672 370 673 245 673 244 673 370 674 244 674 371 674 371 675 244 675 243 675 371 676 243 676 372 676 372 677 243 677 248 677 372 678 248 678 373 678 373 679 248 679 247 679 373 680 247 680 374 680 374 681 247 681 246 681 374 682 246 682 375 682 375 683 246 683 251 683 267 684 278 684 277 684 277 685 278 685 382 685 277 686 382 686 383 686 383 687 382 687 384 687 383 688 384 688 385 688 385 689 384 689 386 689 385 690 386 690 387 690 387 691 386 691 388 691 387 692 388 692 389 692 389 693 388 693 390 693 389 694 390 694 391 694 391 695 390 695 392 695 391 696 392 696 393 696 393 697 392 697 250 697 393 698 250 698 249 698 268 699 277 699 276 699 276 700 277 700 383 700 276 701 383 701 394 701 394 702 383 702 385 702 394 703 385 703 395 703 395 704 385 704 387 704 395 705 387 705 396 705 396 706 387 706 389 706 396 707 389 707 397 707 397 708 389 708 391 708 397 709 391 709 398 709 398 710 391 710 393 710 398 711 393 711 399 711 399 712 393 712 249 712 399 713 249 713 253 713 269 714 276 714 275 714 275 715 276 715 394 715 275 716 394 716 400 716 400 717 394 717 395 717 400 718 395 718 401 718 401 719 395 719 396 719 401 720 396 720 402 720 402 721 396 721 397 721 402 722 397 722 403 722 403 723 397 723 398 723 403 724 398 724 404 724 404 725 398 725 399 725 404 726 399 726 405 726 405 727 399 727 253 727 405 728 253 728 252 728 264 729 275 729 274 729 274 730 275 730 400 730 274 731 400 731 406 731 406 732 400 732 401 732 406 733 401 733 407 733 407 734 401 734 402 734 407 735 402 735 408 735 408 736 402 736 403 736 408 737 403 737 409 737 409 738 403 738 404 738 409 739 404 739 410 739 410 740 404 740 405 740 410 741 405 741 411 741 411 742 405 742 252 742 411 743 252 743 237 743 266 744 274 744 279 744 279 745 274 745 406 745 279 746 406 746 376 746 376 747 406 747 407 747 376 748 407 748 377 748 377 749 407 749 408 749 377 750 408 750 378 750 378 751 408 751 409 751 378 752 409 752 379 752 379 753 409 753 410 753 379 754 410 754 380 754 380 755 410 755 411 755 380 756 411 756 381 756 381 757 411 757 237 757 381 758 237 758 337 758 337 759 237 759 236 759 337 760 236 760 357 760 357 761 236 761 239 761 357 762 239 762 356 762 356 763 239 763 242 763 356 764 242 764 364 764 364 765 242 765 366 765 364 766 366 766 363 766 363 767 366 767 365 767 363 768 365 768 362 768 362 769 365 769 322 769 362 770 322 770 361 770 361 771 322 771 309 771 361 772 309 772 360 772 360 773 309 773 299 773 360 774 299 774 359 774 359 775 299 775 291 775 359 776 291 776 358 776 358 777 291 777 290 777 358 778 290 778 255 778 255 779 290 779 288 779 255 780 288 780 270 780 270 781 288 781 286 781 270 782 286 782 271 782 271 783 286 783 284 783 271 784 284 784 278 784 278 785 284 785 283 785 278 786 283 786 382 786 382 787 283 787 294 787 382 788 294 788 384 788 384 789 294 789 303 789 384 790 303 790 386 790 386 791 303 791 315 791 386 792 315 792 388 792 388 793 315 793 336 793 388 794 336 794 390 794 390 795 336 795 375 795 390 796 375 796 392 796 392 797 375 797 251 797 392 798 251 798 250 798 412 1 413 1 414 1 412 1 414 1 415 1 416 1 417 1 414 1 414 1 417 1 418 1 414 799 418 799 415 799 419 1 420 1 414 1 414 800 420 800 421 800 414 1 421 1 416 1 422 1 423 1 414 1 414 1 423 1 424 1 414 1 424 1 419 1 425 1 426 1 414 1 414 801 426 801 427 801 414 802 427 802 422 802 413 1 428 1 414 1 414 1 428 1 429 1 414 1 429 1 425 1 430 803 431 803 432 803 430 804 432 804 433 804 434 805 435 805 432 805 432 806 435 806 436 806 432 807 436 807 433 807 437 808 438 808 432 808 432 809 438 809 439 809 432 810 439 810 434 810 440 811 441 811 432 811 432 812 441 812 442 812 432 813 442 813 437 813 443 814 444 814 432 814 432 815 444 815 445 815 432 816 445 816 440 816 431 817 446 817 432 817 432 818 446 818 447 818 432 819 447 819 443 819 448 820 436 820 449 820 450 821 434 821 451 821 452 822 438 822 437 822 453 823 441 823 440 823 454 824 444 824 443 824 455 825 443 825 447 825 456 826 457 826 458 826 458 827 457 827 459 827 458 828 459 828 460 828 460 829 459 829 461 829 460 830 461 830 462 830 462 831 461 831 463 831 462 832 463 832 464 832 464 833 463 833 465 833 464 834 465 834 466 834 467 835 468 835 469 835 469 836 468 836 470 836 469 837 470 837 471 837 471 838 470 838 472 838 471 839 472 839 473 839 473 840 472 840 474 840 473 841 474 841 475 841 475 842 474 842 476 842 475 843 476 843 477 843 477 844 476 844 478 844 477 845 478 845 479 845 479 846 478 846 480 846 479 847 480 847 481 847 481 848 480 848 482 848 481 849 482 849 483 849 484 850 485 850 486 850 486 851 485 851 487 851 486 852 487 852 488 852 488 853 487 853 489 853 488 854 489 854 490 854 490 855 489 855 491 855 490 856 491 856 492 856 492 857 491 857 493 857 492 858 493 858 494 858 494 859 493 859 495 859 494 860 495 860 496 860 496 861 495 861 497 861 496 862 497 862 498 862 498 863 497 863 499 863 498 864 499 864 500 864 500 865 499 865 501 865 500 866 501 866 502 866 502 867 501 867 503 867 502 868 503 868 504 868 439 869 438 869 505 869 505 870 438 870 452 870 505 871 452 871 506 871 457 872 507 872 459 872 459 873 507 873 508 873 459 874 508 874 461 874 461 875 508 875 509 875 461 876 509 876 463 876 463 877 509 877 510 877 463 878 510 878 465 878 434 879 439 879 451 879 451 880 439 880 505 880 451 881 505 881 511 881 511 882 505 882 506 882 511 883 506 883 512 883 450 884 451 884 513 884 513 885 451 885 511 885 513 886 511 886 514 886 514 887 511 887 512 887 514 888 512 888 515 888 516 889 456 889 517 889 517 890 456 890 458 890 517 891 458 891 518 891 518 892 458 892 460 892 518 893 460 893 519 893 519 894 460 894 462 894 519 895 462 895 520 895 520 896 462 896 464 896 520 897 464 897 521 897 521 898 464 898 466 898 521 899 466 899 522 899 435 900 434 900 523 900 523 901 434 901 450 901 523 902 450 902 524 902 524 903 450 903 513 903 524 904 513 904 525 904 525 905 513 905 514 905 525 906 514 906 526 906 526 907 514 907 515 907 526 908 515 908 527 908 468 909 516 909 470 909 470 910 516 910 517 910 470 911 517 911 472 911 472 912 517 912 518 912 472 913 518 913 474 913 474 914 518 914 519 914 474 915 519 915 476 915 476 916 519 916 520 916 476 917 520 917 478 917 478 918 520 918 521 918 478 919 521 919 480 919 480 920 521 920 522 920 480 921 522 921 482 921 436 922 435 922 449 922 449 923 435 923 523 923 449 924 523 924 528 924 528 925 523 925 524 925 528 926 524 926 529 926 529 927 524 927 525 927 529 928 525 928 530 928 530 929 525 929 526 929 530 930 526 930 531 930 531 931 526 931 527 931 531 932 527 932 532 932 448 933 449 933 533 933 533 934 449 934 528 934 533 935 528 935 534 935 534 936 528 936 529 936 534 937 529 937 535 937 535 938 529 938 530 938 535 939 530 939 536 939 536 940 530 940 531 940 536 941 531 941 537 941 537 942 531 942 532 942 537 943 532 943 538 943 485 944 467 944 487 944 487 945 467 945 469 945 487 946 469 946 489 946 489 947 469 947 471 947 489 948 471 948 491 948 491 949 471 949 473 949 491 950 473 950 493 950 493 951 473 951 475 951 493 952 475 952 495 952 495 953 475 953 477 953 495 954 477 954 497 954 497 955 477 955 479 955 497 956 479 956 499 956 499 957 479 957 481 957 499 958 481 958 501 958 501 959 481 959 483 959 501 960 483 960 503 960 539 961 540 961 541 961 541 962 540 962 542 962 541 963 542 963 543 963 543 964 542 964 544 964 543 965 544 965 545 965 545 966 544 966 546 966 545 967 546 967 547 967 547 968 546 968 548 968 547 969 548 969 549 969 549 970 548 970 550 970 549 971 550 971 551 971 551 972 550 972 552 972 551 973 552 973 553 973 553 974 552 974 554 974 553 975 554 975 453 975 540 976 538 976 542 976 542 977 538 977 532 977 542 978 532 978 544 978 544 979 532 979 527 979 544 980 527 980 546 980 546 981 527 981 515 981 546 982 515 982 548 982 548 983 515 983 512 983 548 984 512 984 550 984 550 985 512 985 506 985 550 986 506 986 552 986 552 987 506 987 452 987 552 988 452 988 554 988 554 989 452 989 437 989 554 990 437 990 453 990 453 991 437 991 442 991 453 992 442 992 441 992 555 993 484 993 556 993 556 994 484 994 486 994 556 995 486 995 557 995 557 996 486 996 488 996 557 997 488 997 558 997 558 998 488 998 490 998 558 999 490 999 559 999 559 1000 490 1000 492 1000 559 1001 492 1001 560 1001 560 1002 492 1002 494 1002 560 1003 494 1003 561 1003 561 1004 494 1004 496 1004 561 1005 496 1005 562 1005 562 1006 496 1006 498 1006 562 1007 498 1007 563 1007 563 1008 498 1008 500 1008 563 1009 500 1009 564 1009 564 1010 500 1010 502 1010 564 1011 502 1011 565 1011 565 1012 502 1012 504 1012 565 1013 504 1013 566 1013 567 1014 539 1014 568 1014 568 1015 539 1015 541 1015 568 1016 541 1016 569 1016 569 1017 541 1017 543 1017 569 1018 543 1018 570 1018 570 1019 543 1019 545 1019 570 1020 545 1020 571 1020 571 1021 545 1021 547 1021 571 1022 547 1022 572 1022 572 1023 547 1023 549 1023 572 1024 549 1024 573 1024 573 1025 549 1025 551 1025 573 1026 551 1026 574 1026 574 1027 551 1027 553 1027 574 1028 553 1028 575 1028 575 1029 553 1029 453 1029 575 1030 453 1030 576 1030 576 1031 453 1031 440 1031 576 1032 440 1032 445 1032 566 1033 577 1033 565 1033 565 1034 577 1034 578 1034 565 1035 578 1035 564 1035 564 1036 578 1036 579 1036 564 1037 579 1037 563 1037 563 1038 579 1038 580 1038 563 1039 580 1039 562 1039 562 1040 580 1040 581 1040 562 1041 581 1041 561 1041 561 1042 581 1042 582 1042 561 1043 582 1043 560 1043 560 1044 582 1044 583 1044 560 1045 583 1045 559 1045 559 1046 583 1046 584 1046 559 1047 584 1047 558 1047 558 1048 584 1048 585 1048 558 1049 585 1049 557 1049 557 1050 585 1050 586 1050 557 1051 586 1051 556 1051 556 1052 586 1052 587 1052 556 1053 587 1053 555 1053 555 1054 587 1054 588 1054 589 1055 567 1055 590 1055 590 1056 567 1056 568 1056 590 1057 568 1057 591 1057 591 1058 568 1058 569 1058 591 1059 569 1059 592 1059 592 1060 569 1060 570 1060 592 1061 570 1061 593 1061 593 1062 570 1062 571 1062 593 1063 571 1063 594 1063 594 1064 571 1064 572 1064 594 1065 572 1065 595 1065 595 1066 572 1066 573 1066 595 1067 573 1067 596 1067 596 1068 573 1068 574 1068 596 1069 574 1069 597 1069 597 1070 574 1070 575 1070 597 1071 575 1071 598 1071 598 1072 575 1072 576 1072 598 1073 576 1073 599 1073 599 1074 576 1074 445 1074 599 1075 445 1075 444 1075 430 1076 433 1076 600 1076 600 1077 433 1077 601 1077 600 1078 601 1078 602 1078 602 1079 601 1079 603 1079 602 1080 603 1080 604 1080 604 1081 603 1081 605 1081 604 1082 605 1082 606 1082 606 1083 605 1083 607 1083 606 1084 607 1084 608 1084 608 1085 607 1085 609 1085 608 1086 609 1086 610 1086 610 1087 609 1087 611 1087 610 1088 611 1088 612 1088 612 1089 611 1089 613 1089 612 1090 613 1090 614 1090 614 1091 613 1091 615 1091 614 1092 615 1092 616 1092 616 1093 615 1093 617 1093 616 1094 617 1094 618 1094 618 1095 617 1095 619 1095 618 1096 619 1096 620 1096 620 1097 619 1097 621 1097 431 1098 430 1098 622 1098 622 1099 430 1099 600 1099 622 1100 600 1100 623 1100 623 1101 600 1101 602 1101 623 1102 602 1102 624 1102 624 1103 602 1103 604 1103 624 1104 604 1104 625 1104 625 1105 604 1105 606 1105 625 1106 606 1106 626 1106 626 1107 606 1107 608 1107 626 1108 608 1108 627 1108 627 1109 608 1109 610 1109 627 1110 610 1110 628 1110 628 1111 610 1111 612 1111 628 1112 612 1112 629 1112 629 1113 612 1113 614 1113 629 1114 614 1114 630 1114 630 1115 614 1115 616 1115 630 1116 616 1116 631 1116 631 1117 616 1117 618 1117 631 1118 618 1118 632 1118 632 1119 618 1119 620 1119 633 1120 634 1120 635 1120 577 1121 636 1121 578 1121 578 1122 636 1122 637 1122 578 1123 637 1123 579 1123 579 1124 637 1124 638 1124 579 1125 638 1125 580 1125 580 1126 638 1126 639 1126 580 1127 639 1127 581 1127 581 1128 639 1128 640 1128 581 1129 640 1129 582 1129 582 1130 640 1130 641 1130 582 1131 641 1131 583 1131 583 1132 641 1132 642 1132 583 1133 642 1133 584 1133 584 1134 642 1134 643 1134 584 1135 643 1135 585 1135 585 1136 643 1136 644 1136 585 1137 644 1137 586 1137 586 1138 644 1138 645 1138 586 1139 645 1139 587 1139 587 1140 645 1140 646 1140 587 1141 646 1141 588 1141 588 1142 646 1142 647 1142 444 1143 454 1143 599 1143 599 1144 454 1144 648 1144 599 1145 648 1145 598 1145 598 1146 648 1146 649 1146 598 1147 649 1147 597 1147 597 1148 649 1148 650 1148 597 1149 650 1149 596 1149 596 1150 650 1150 651 1150 596 1151 651 1151 595 1151 595 1152 651 1152 652 1152 595 1153 652 1153 594 1153 594 1154 652 1154 653 1154 594 1155 653 1155 593 1155 593 1156 653 1156 654 1156 593 1157 654 1157 592 1157 592 1158 654 1158 655 1158 592 1159 655 1159 591 1159 591 1160 655 1160 656 1160 591 1161 656 1161 590 1161 590 1162 656 1162 657 1162 590 1163 657 1163 589 1163 433 1164 436 1164 601 1164 601 1165 436 1165 448 1165 601 1166 448 1166 603 1166 603 1167 448 1167 533 1167 603 1168 533 1168 605 1168 605 1169 533 1169 534 1169 605 1170 534 1170 607 1170 607 1171 534 1171 535 1171 607 1172 535 1172 609 1172 609 1173 535 1173 536 1173 609 1174 536 1174 611 1174 611 1175 536 1175 537 1175 611 1176 537 1176 613 1176 613 1177 537 1177 538 1177 613 1178 538 1178 615 1178 615 1179 538 1179 540 1179 615 1180 540 1180 617 1180 617 1181 540 1181 539 1181 617 1182 539 1182 619 1182 619 1183 539 1183 567 1183 619 1184 567 1184 621 1184 621 1185 567 1185 589 1185 416 1186 635 1186 417 1186 417 1187 635 1187 634 1187 417 1188 634 1188 418 1188 566 1189 633 1189 577 1189 577 1190 633 1190 635 1190 577 1191 635 1191 636 1191 636 1192 635 1192 416 1192 636 1193 416 1193 637 1193 637 1194 416 1194 421 1194 637 1195 421 1195 638 1195 638 1196 421 1196 420 1196 638 1197 420 1197 639 1197 639 1198 420 1198 419 1198 639 1199 419 1199 640 1199 640 1200 419 1200 424 1200 640 1201 424 1201 641 1201 641 1202 424 1202 423 1202 641 1203 423 1203 642 1203 642 1204 423 1204 422 1204 642 1205 422 1205 643 1205 643 1206 422 1206 427 1206 643 1207 427 1207 644 1207 644 1208 427 1208 426 1208 644 1209 426 1209 645 1209 645 1210 426 1210 425 1210 645 1211 425 1211 646 1211 646 1212 425 1212 429 1212 646 1213 429 1213 647 1213 647 1214 429 1214 428 1214 443 1215 455 1215 454 1215 454 1216 455 1216 658 1216 454 1217 658 1217 648 1217 648 1218 658 1218 659 1218 648 1219 659 1219 649 1219 649 1220 659 1220 660 1220 649 1221 660 1221 650 1221 650 1222 660 1222 661 1222 650 1223 661 1223 651 1223 651 1224 661 1224 662 1224 651 1225 662 1225 652 1225 652 1226 662 1226 663 1226 652 1227 663 1227 653 1227 653 1228 663 1228 664 1228 653 1229 664 1229 654 1229 654 1230 664 1230 665 1230 654 1231 665 1231 655 1231 655 1232 665 1232 666 1232 655 1233 666 1233 656 1233 656 1234 666 1234 667 1234 656 1235 667 1235 657 1235 657 1236 667 1236 413 1236 657 1237 413 1237 589 1237 589 1238 413 1238 412 1238 589 1239 412 1239 621 1239 621 1240 412 1240 415 1240 621 1241 415 1241 620 1241 620 1242 415 1242 418 1242 620 1243 418 1243 632 1243 632 1244 418 1244 634 1244 632 1245 634 1245 631 1245 631 1246 634 1246 633 1246 631 1247 633 1247 630 1247 630 1248 633 1248 566 1248 630 1249 566 1249 629 1249 629 1250 566 1250 504 1250 629 1251 504 1251 628 1251 628 1252 504 1252 503 1252 628 1253 503 1253 627 1253 627 1254 503 1254 483 1254 627 1255 483 1255 626 1255 626 1256 483 1256 482 1256 626 1257 482 1257 625 1257 625 1258 482 1258 522 1258 625 1259 522 1259 624 1259 624 1260 522 1260 466 1260 624 1261 466 1261 623 1261 623 1262 466 1262 465 1262 623 1263 465 1263 622 1263 622 1264 465 1264 510 1264 622 1265 510 1265 431 1265 431 1266 510 1266 509 1266 431 1267 509 1267 446 1267 446 1268 509 1268 508 1268 446 1269 508 1269 447 1269 447 1270 508 1270 507 1270 447 1271 507 1271 455 1271 455 1272 507 1272 457 1272 455 1273 457 1273 658 1273 658 1274 457 1274 456 1274 658 1275 456 1275 659 1275 659 1276 456 1276 516 1276 659 1277 516 1277 660 1277 660 1278 516 1278 468 1278 660 1279 468 1279 661 1279 661 1280 468 1280 467 1280 661 1281 467 1281 662 1281 662 1282 467 1282 485 1282 662 1283 485 1283 663 1283 663 1284 485 1284 484 1284 663 1285 484 1285 664 1285 664 1286 484 1286 555 1286 664 1287 555 1287 665 1287 665 1288 555 1288 588 1288 665 1289 588 1289 666 1289 666 1290 588 1290 647 1290 666 1291 647 1291 667 1291 667 1292 647 1292 428 1292 667 1293 428 1293 413 1293 668 1 669 1 670 1 670 1 669 1 671 1 670 1294 671 1294 672 1294 673 1 674 1 670 1 670 1295 674 1295 675 1295 670 1296 675 1296 668 1296 676 1 677 1 670 1 670 10 677 10 678 10 670 1 678 1 673 1 679 1 680 1 670 1 670 1297 680 1297 681 1297 670 1298 681 1298 676 1298 682 1 683 1 670 1 670 1299 683 1299 684 1299 670 1300 684 1300 679 1300 672 1301 685 1301 670 1301 670 1 685 1 686 1 670 1 686 1 682 1 687 1302 688 1302 689 1302 687 1303 689 1303 690 1303 691 1304 692 1304 689 1304 689 1305 692 1305 693 1305 689 1306 693 1306 690 1306 694 1307 695 1307 689 1307 689 1308 695 1308 696 1308 689 1309 696 1309 691 1309 697 1310 698 1310 689 1310 689 1311 698 1311 699 1311 689 1312 699 1312 694 1312 700 1313 701 1313 689 1313 689 1314 701 1314 702 1314 689 1315 702 1315 697 1315 688 1316 703 1316 689 1316 689 1317 703 1317 704 1317 689 1318 704 1318 700 1318 705 1319 675 1319 674 1319 706 1320 707 1320 708 1320 708 1321 707 1321 709 1321 708 1322 709 1322 710 1322 710 1323 709 1323 711 1323 710 1324 711 1324 712 1324 712 1325 711 1325 713 1325 712 1326 713 1326 714 1326 714 1327 713 1327 715 1327 714 1328 715 1328 716 1328 716 1329 715 1329 717 1329 716 1330 717 1330 718 1330 718 1331 717 1331 719 1331 718 1332 719 1332 720 1332 720 1333 719 1333 721 1333 720 1334 721 1334 722 1334 722 1335 721 1335 723 1335 722 1336 723 1336 724 1336 724 1337 723 1337 725 1337 724 1338 725 1338 726 1338 726 1339 725 1339 727 1339 726 1340 727 1340 728 1340 728 1341 727 1341 729 1341 728 1342 729 1342 730 1342 730 1343 729 1343 731 1343 730 1344 731 1344 732 1344 732 1345 731 1345 733 1345 732 1346 733 1346 734 1346 734 1347 733 1347 735 1347 734 1348 735 1348 736 1348 736 1349 735 1349 737 1349 736 1350 737 1350 738 1350 738 1351 737 1351 739 1351 738 1352 739 1352 740 1352 740 1353 739 1353 741 1353 740 1354 741 1354 742 1354 742 1355 741 1355 743 1355 742 1356 743 1356 744 1356 744 1357 743 1357 745 1357 744 1358 745 1358 706 1358 706 1359 745 1359 707 1359 705 1360 674 1360 746 1360 746 1361 674 1361 673 1361 746 1362 673 1362 747 1362 747 1363 673 1363 748 1363 748 1364 673 1364 678 1364 748 1365 678 1365 749 1365 749 1366 678 1366 750 1366 750 1367 678 1367 677 1367 750 1368 677 1368 751 1368 705 1369 752 1369 675 1369 675 1370 752 1370 753 1370 675 1371 753 1371 668 1371 668 1372 753 1372 754 1372 668 1373 754 1373 669 1373 669 1374 754 1374 755 1374 669 1375 755 1375 671 1375 671 1376 755 1376 756 1376 671 1377 756 1377 672 1377 672 1378 756 1378 757 1378 672 1379 757 1379 685 1379 685 1380 757 1380 758 1380 685 1381 758 1381 686 1381 686 1382 758 1382 759 1382 686 1383 759 1383 682 1383 682 1384 759 1384 760 1384 682 1385 760 1385 683 1385 683 1386 760 1386 761 1386 683 1387 761 1387 684 1387 684 1388 761 1388 762 1388 684 1389 762 1389 679 1389 679 1390 762 1390 763 1390 679 1391 763 1391 680 1391 680 1392 763 1392 764 1392 680 1393 764 1393 681 1393 681 1394 764 1394 751 1394 681 1395 751 1395 676 1395 676 1396 751 1396 677 1396 688 1397 765 1397 703 1397 703 1398 765 1398 766 1398 703 1399 766 1399 704 1399 766 1400 767 1400 704 1400 704 1401 767 1401 768 1401 704 1402 768 1402 700 1402 700 1403 768 1403 769 1403 700 1404 769 1404 701 1404 701 1405 769 1405 770 1405 701 1406 770 1406 702 1406 702 1407 770 1407 771 1407 702 1408 771 1408 697 1408 697 1409 771 1409 772 1409 697 1410 772 1410 698 1410 698 1411 772 1411 699 1411 699 1412 772 1412 773 1412 699 1413 773 1413 694 1413 694 1414 773 1414 774 1414 694 1415 774 1415 695 1415 695 1416 774 1416 775 1416 695 1417 775 1417 696 1417 696 1418 775 1418 776 1418 696 1419 776 1419 691 1419 776 1420 777 1420 691 1420 691 1421 777 1421 778 1421 691 1422 778 1422 692 1422 692 1423 778 1423 779 1423 692 1424 779 1424 693 1424 779 1425 780 1425 693 1425 693 1426 780 1426 781 1426 693 1427 781 1427 690 1427 690 1428 781 1428 782 1428 690 1429 782 1429 687 1429 687 1430 782 1430 783 1430 687 1431 783 1431 688 1431 688 1432 783 1432 784 1432 688 1433 784 1433 765 1433 780 1434 785 1434 781 1434 781 1435 785 1435 786 1435 781 1436 786 1436 782 1436 782 1437 786 1437 787 1437 782 1438 787 1438 783 1438 783 1439 787 1439 788 1439 783 1440 788 1440 784 1440 784 1441 788 1441 789 1441 784 1442 789 1442 765 1442 765 1443 789 1443 790 1443 765 1444 790 1444 766 1444 766 1445 790 1445 791 1445 766 1446 791 1446 767 1446 767 1447 791 1447 792 1447 767 1448 792 1448 768 1448 768 1449 792 1449 793 1449 768 1450 793 1450 769 1450 769 1451 793 1451 794 1451 769 1452 794 1452 770 1452 770 1453 794 1453 795 1453 770 1454 795 1454 771 1454 771 1455 795 1455 796 1455 771 1456 796 1456 772 1456 772 1457 796 1457 797 1457 772 1458 797 1458 773 1458 773 1459 797 1459 798 1459 773 1460 798 1460 774 1460 774 1461 798 1461 799 1461 774 1462 799 1462 775 1462 775 1463 799 1463 800 1463 775 1464 800 1464 776 1464 776 1465 800 1465 801 1465 776 1466 801 1466 777 1466 777 1467 801 1467 802 1467 777 1468 802 1468 778 1468 778 1469 802 1469 803 1469 778 1470 803 1470 779 1470 779 1471 803 1471 804 1471 779 1472 804 1472 780 1472 780 1473 804 1473 785 1473 804 1474 805 1474 785 1474 785 1475 805 1475 806 1475 785 1476 806 1476 786 1476 786 1477 806 1477 807 1477 786 1478 807 1478 787 1478 787 1479 807 1479 808 1479 787 1480 808 1480 788 1480 788 1481 808 1481 809 1481 788 1482 809 1482 789 1482 789 1483 809 1483 810 1483 789 1484 810 1484 790 1484 790 1485 810 1485 811 1485 790 1486 811 1486 791 1486 791 1487 811 1487 812 1487 791 1488 812 1488 792 1488 792 1489 812 1489 813 1489 792 1490 813 1490 793 1490 793 1491 813 1491 814 1491 793 1492 814 1492 794 1492 794 1493 814 1493 815 1493 794 1494 815 1494 795 1494 795 1495 815 1495 816 1495 795 1496 816 1496 796 1496 796 1497 816 1497 817 1497 796 1498 817 1498 797 1498 797 1499 817 1499 818 1499 797 1500 818 1500 798 1500 798 1501 818 1501 819 1501 798 1502 819 1502 799 1502 799 1503 819 1503 820 1503 799 1504 820 1504 800 1504 800 1505 820 1505 821 1505 800 1506 821 1506 801 1506 801 1507 821 1507 822 1507 801 1508 822 1508 802 1508 802 1509 822 1509 823 1509 802 1510 823 1510 803 1510 803 1511 823 1511 824 1511 803 1512 824 1512 804 1512 804 1513 824 1513 805 1513 824 1514 745 1514 805 1514 805 1515 745 1515 743 1515 805 1516 743 1516 806 1516 806 1517 743 1517 741 1517 806 1518 741 1518 807 1518 807 1519 741 1519 739 1519 807 1520 739 1520 808 1520 808 1521 739 1521 737 1521 808 1522 737 1522 809 1522 809 1523 737 1523 735 1523 809 1524 735 1524 810 1524 810 1525 735 1525 733 1525 810 1526 733 1526 811 1526 811 1527 733 1527 731 1527 811 1528 731 1528 812 1528 812 1529 731 1529 729 1529 812 1530 729 1530 813 1530 813 1531 729 1531 727 1531 813 1532 727 1532 814 1532 814 1533 727 1533 725 1533 814 1534 725 1534 815 1534 815 1535 725 1535 723 1535 815 1536 723 1536 816 1536 816 1537 723 1537 721 1537 816 1538 721 1538 817 1538 817 1539 721 1539 719 1539 817 1540 719 1540 818 1540 818 1541 719 1541 717 1541 818 1542 717 1542 819 1542 819 1543 717 1543 715 1543 819 1544 715 1544 820 1544 820 1545 715 1545 713 1545 820 1546 713 1546 821 1546 821 1547 713 1547 711 1547 821 1548 711 1548 822 1548 822 1549 711 1549 709 1549 822 1550 709 1550 823 1550 823 1551 709 1551 707 1551 823 1552 707 1552 824 1552 824 1553 707 1553 745 1553 708 1554 825 1554 706 1554 706 1555 825 1555 826 1555 706 1556 826 1556 744 1556 744 1557 826 1557 827 1557 744 1558 827 1558 742 1558 742 1559 827 1559 828 1559 742 1560 828 1560 740 1560 740 1561 828 1561 829 1561 740 1562 829 1562 738 1562 738 1563 829 1563 830 1563 738 1564 830 1564 736 1564 736 1565 830 1565 831 1565 736 1566 831 1566 734 1566 734 1567 831 1567 832 1567 734 1568 832 1568 732 1568 732 1569 832 1569 833 1569 732 1570 833 1570 730 1570 730 1571 833 1571 834 1571 730 1572 834 1572 728 1572 728 1573 834 1573 835 1573 728 1574 835 1574 726 1574 726 1575 835 1575 836 1575 726 1576 836 1576 724 1576 724 1577 836 1577 837 1577 724 1578 837 1578 722 1578 722 1579 837 1579 838 1579 722 1580 838 1580 720 1580 720 1581 838 1581 839 1581 720 1582 839 1582 718 1582 718 1583 839 1583 840 1583 718 1584 840 1584 716 1584 716 1585 840 1585 841 1585 716 1586 841 1586 714 1586 714 1587 841 1587 842 1587 714 1588 842 1588 712 1588 712 1589 842 1589 843 1589 712 1590 843 1590 710 1590 710 1591 843 1591 844 1591 710 1592 844 1592 708 1592 708 1593 844 1593 825 1593 844 1594 845 1594 825 1594 825 1595 845 1595 846 1595 825 1596 846 1596 826 1596 826 1597 846 1597 847 1597 826 1598 847 1598 827 1598 827 1599 847 1599 848 1599 827 1600 848 1600 828 1600 828 1601 848 1601 849 1601 828 1602 849 1602 829 1602 829 1603 849 1603 850 1603 829 1604 850 1604 830 1604 830 1605 850 1605 851 1605 830 1606 851 1606 831 1606 831 1607 851 1607 852 1607 831 1608 852 1608 832 1608 832 1609 852 1609 853 1609 832 1610 853 1610 833 1610 833 1611 853 1611 854 1611 833 1612 854 1612 834 1612 834 1613 854 1613 855 1613 834 1614 855 1614 835 1614 835 1615 855 1615 856 1615 835 1616 856 1616 836 1616 836 1617 856 1617 857 1617 836 1618 857 1618 837 1618 837 1619 857 1619 858 1619 837 1620 858 1620 838 1620 838 1621 858 1621 859 1621 838 1622 859 1622 839 1622 839 1623 859 1623 860 1623 839 1624 860 1624 840 1624 840 1625 860 1625 861 1625 840 1626 861 1626 841 1626 841 1627 861 1627 862 1627 841 1628 862 1628 842 1628 842 1629 862 1629 863 1629 842 1630 863 1630 843 1630 843 1631 863 1631 864 1631 843 1632 864 1632 844 1632 844 1633 864 1633 845 1633 864 1634 865 1634 845 1634 845 1635 865 1635 866 1635 845 1636 866 1636 846 1636 846 1637 866 1637 867 1637 846 1638 867 1638 847 1638 847 1639 867 1639 868 1639 847 1640 868 1640 848 1640 848 1641 868 1641 869 1641 848 1642 869 1642 849 1642 849 1643 869 1643 870 1643 849 1644 870 1644 850 1644 850 1645 870 1645 871 1645 850 1646 871 1646 851 1646 851 1647 871 1647 872 1647 851 1648 872 1648 852 1648 852 1649 872 1649 873 1649 852 1650 873 1650 853 1650 853 1651 873 1651 874 1651 853 1652 874 1652 854 1652 854 1653 874 1653 875 1653 854 1654 875 1654 855 1654 855 1655 875 1655 876 1655 855 1656 876 1656 856 1656 856 1657 876 1657 877 1657 856 1658 877 1658 857 1658 857 1659 877 1659 878 1659 857 1660 878 1660 858 1660 858 1661 878 1661 879 1661 858 1662 879 1662 859 1662 859 1663 879 1663 880 1663 859 1664 880 1664 860 1664 860 1665 880 1665 881 1665 860 1666 881 1666 861 1666 861 1667 881 1667 882 1667 861 1668 882 1668 862 1668 862 1669 882 1669 883 1669 862 1670 883 1670 863 1670 863 1671 883 1671 884 1671 863 1672 884 1672 864 1672 864 1673 884 1673 865 1673 884 1674 885 1674 865 1674 865 1675 885 1675 886 1675 865 1676 886 1676 866 1676 866 1677 886 1677 887 1677 866 1678 887 1678 867 1678 867 1679 887 1679 888 1679 867 1680 888 1680 868 1680 868 1681 888 1681 889 1681 868 1682 889 1682 869 1682 869 1683 889 1683 890 1683 869 1684 890 1684 870 1684 870 1685 890 1685 891 1685 870 1686 891 1686 871 1686 871 1687 891 1687 892 1687 871 1688 892 1688 872 1688 872 1689 892 1689 893 1689 872 1690 893 1690 873 1690 873 1691 893 1691 894 1691 873 1692 894 1692 874 1692 874 1693 894 1693 895 1693 874 1694 895 1694 875 1694 875 1695 895 1695 896 1695 875 1696 896 1696 876 1696 876 1697 896 1697 897 1697 876 1698 897 1698 877 1698 877 1699 897 1699 898 1699 877 1700 898 1700 878 1700 878 1701 898 1701 899 1701 878 1702 899 1702 879 1702 879 1703 899 1703 900 1703 879 1704 900 1704 880 1704 880 1705 900 1705 901 1705 880 1706 901 1706 881 1706 881 1707 901 1707 902 1707 881 1708 902 1708 882 1708 882 1709 902 1709 903 1709 882 1710 903 1710 883 1710 883 1711 903 1711 904 1711 883 1712 904 1712 884 1712 884 1713 904 1713 885 1713 904 1714 905 1714 885 1714 885 1715 905 1715 906 1715 885 1716 906 1716 886 1716 886 1717 906 1717 907 1717 886 1718 907 1718 887 1718 887 1719 907 1719 908 1719 887 1720 908 1720 888 1720 888 1721 908 1721 909 1721 888 1722 909 1722 889 1722 889 1723 909 1723 910 1723 889 1724 910 1724 890 1724 890 1725 910 1725 911 1725 890 1726 911 1726 891 1726 891 1727 911 1727 912 1727 891 1728 912 1728 892 1728 892 1729 912 1729 913 1729 892 1730 913 1730 893 1730 893 1731 913 1731 914 1731 893 1732 914 1732 894 1732 894 1733 914 1733 915 1733 894 1734 915 1734 895 1734 895 1735 915 1735 916 1735 895 1736 916 1736 896 1736 896 1737 916 1737 917 1737 896 1738 917 1738 897 1738 897 1739 917 1739 918 1739 897 1740 918 1740 898 1740 898 1741 918 1741 919 1741 898 1742 919 1742 899 1742 899 1743 919 1743 920 1743 899 1744 920 1744 900 1744 900 1745 920 1745 921 1745 900 1746 921 1746 901 1746 901 1747 921 1747 922 1747 901 1748 922 1748 902 1748 902 1749 922 1749 923 1749 902 1750 923 1750 903 1750 903 1751 923 1751 924 1751 903 1752 924 1752 904 1752 904 1753 924 1753 905 1753 924 1754 925 1754 905 1754 905 1755 925 1755 926 1755 905 1756 926 1756 906 1756 906 1757 926 1757 927 1757 906 1758 927 1758 907 1758 907 1759 927 1759 928 1759 907 1760 928 1760 908 1760 908 1761 928 1761 929 1761 908 1762 929 1762 909 1762 909 1763 929 1763 930 1763 909 1764 930 1764 910 1764 910 1765 930 1765 931 1765 910 1766 931 1766 911 1766 911 1767 931 1767 932 1767 911 1768 932 1768 912 1768 912 1769 932 1769 933 1769 912 1770 933 1770 913 1770 913 1771 933 1771 934 1771 913 1772 934 1772 914 1772 914 1773 934 1773 935 1773 914 1774 935 1774 915 1774 915 1775 935 1775 936 1775 915 1776 936 1776 916 1776 916 1777 936 1777 937 1777 916 1778 937 1778 917 1778 917 1779 937 1779 938 1779 917 1780 938 1780 918 1780 918 1781 938 1781 939 1781 918 1782 939 1782 919 1782 919 1783 939 1783 940 1783 919 1784 940 1784 920 1784 920 1785 940 1785 941 1785 920 1786 941 1786 921 1786 921 1787 941 1787 942 1787 921 1788 942 1788 922 1788 922 1789 942 1789 943 1789 922 1790 943 1790 923 1790 923 1791 943 1791 944 1791 923 1792 944 1792 924 1792 924 1793 944 1793 925 1793 944 1794 754 1794 925 1794 925 1795 754 1795 753 1795 925 1796 753 1796 926 1796 926 1797 753 1797 752 1797 926 1798 752 1798 927 1798 927 1799 752 1799 705 1799 927 1800 705 1800 928 1800 928 1801 705 1801 746 1801 928 1802 746 1802 929 1802 929 1803 746 1803 747 1803 929 1804 747 1804 930 1804 930 1805 747 1805 748 1805 930 1806 748 1806 931 1806 931 1807 748 1807 749 1807 931 1808 749 1808 932 1808 932 1809 749 1809 750 1809 932 1810 750 1810 933 1810 933 1811 750 1811 751 1811 933 1812 751 1812 934 1812 934 1813 751 1813 764 1813 934 1814 764 1814 935 1814 935 1815 764 1815 763 1815 935 1816 763 1816 936 1816 936 1817 763 1817 762 1817 936 1818 762 1818 937 1818 937 1819 762 1819 761 1819 937 1820 761 1820 938 1820 938 1821 761 1821 760 1821 938 1822 760 1822 939 1822 939 1823 760 1823 759 1823 939 1824 759 1824 940 1824 940 1825 759 1825 758 1825 940 1826 758 1826 941 1826 941 1827 758 1827 757 1827 941 1828 757 1828 942 1828 942 1829 757 1829 756 1829 942 1830 756 1830 943 1830 943 1831 756 1831 755 1831 943 1832 755 1832 944 1832 944 1833 755 1833 754 1833</p>
        </triangles>
      </mesh>
    </geometry>
    <geometry id="Areas_building_002-mesh" name="Areas:building.002">
      <mesh>
        <source id="Areas_building_002-mesh-positions">
          <float_array id="Areas_building_002-mesh-positions-array" count="144">-75.60312 41.65127 -1.036426 -92.92443 5.574493 -0.8227348 -86.05603 2.275157 -0.6562376 -91.16558 -8.369126 -0.6025753 -84.80924 -11.43279 -0.4747448 -86.38998 -14.73212 -0.4760656 -59.85141 -27.47773 -0.2665959 -53.02753 -13.25921 -0.3769245 -47.98475 -15.69442 -0.3253718 -49.12021 -18.05108 -0.2821579 -36.81941 -23.96238 -0.1737937 -31.83229 -13.59307 -0.3638754 -42.39651 -8.526235 -0.4551754 -40.11446 -3.773625 -0.4741783 -31.11985 -8.094182 -0.4596968 -20.04356 14.9619 -0.4741869 -75.60312 41.65127 4.826206 -92.92443 5.574493 4.826206 -86.05603 2.275157 4.826206 -91.16558 -8.369126 4.826206 -84.80924 -11.43279 4.826206 -86.38998 -14.73212 4.826206 -59.85141 -27.47773 4.826206 -53.02753 -13.25921 4.826206 -47.98475 -15.69442 4.826206 -49.12021 -18.05108 4.826206 -36.81941 -23.96238 4.826206 -31.83229 -13.59307 4.826206 -42.39651 -8.526235 4.826206 -40.11446 -3.773625 4.826206 -31.11985 -8.094182 4.826206 -20.04356 14.9619 4.826206 -92.92443 5.574493 17.5748 -75.60312 41.65127 17.5748 -86.05603 2.275157 17.5748 -91.16558 -8.369126 17.5748 -84.80924 -11.43279 17.5748 -86.38998 -14.73212 17.5748 -59.85141 -27.47773 17.5748 -53.02753 -13.25921 17.5748 -47.98475 -15.69442 17.5748 -49.12021 -18.05108 17.5748 -36.81941 -23.96238 17.5748 -31.83229 -13.59307 17.5748 -42.39651 -8.526235 17.5748 -40.11446 -3.773625 17.5748 -31.11985 -8.094182 17.5748 -20.04356 14.9619 17.5748</float_array>
          <technique_common>
            <accessor source="#Areas_building_002-mesh-positions-array" count="48" stride="3">
              <param name="X" type="float"/>
              <param name="Y" type="float"/>
              <param name="Z" type="float"/>
            </accessor>
          </technique_common>
        </source>
        <source id="Areas_building_002-mesh-normals">
          <float_array id="Areas_building_002-mesh-normals-array" count="207">-0.900887 0.434054 0 -0.9014796 0.4328218 0 -0.4329987 -0.9013947 0 -0.901513 0.4327521 0 -0.434184 -0.9008242 0 -0.9018368 0.432077 0 -0.432927 -0.9014291 0 0.9015482 -0.4326791 0 -0.4348602 -0.9004981 0 -0.9008859 0.4340563 0 -0.4331433 -0.9013252 0 0.9011888 -0.4334269 0 0.4324542 0.901656 0 0.9014644 -0.4328534 0 -0.4329872 -0.9014002 0 0.9013801 -0.4330288 0 0.4330051 0.9013915 0 0 0 1 -0.432998 -0.9013949 0 -0.433143 -0.9013252 0 -0.9015132 0.4327517 0 0.9011888 -0.433427 0 -0.4341841 -0.9008243 0 0.4324543 0.901656 0 -0.9018351 0.4320805 0 0.901465 -0.4328521 0 -0.4329272 -0.9014289 0 -0.4329873 -0.9014 0 0.9015478 -0.4326795 0 0.9013801 -0.4330289 0 -0.4348599 -0.9004982 0 -0.9014796 0.4328219 0 0.433005 0.9013915 0 -0.9008855 0.4340569 0 -0.9014798 0.4328213 0 -0.432998 -0.901395 0 -0.9015137 0.4327508 0 -0.4341837 -0.9008245 0 -0.9018356 0.4320794 0 0.901548 -0.4326792 0 -0.4348599 -0.9004982 0 -0.9008868 0.4340541 0 -0.4331428 -0.9013254 0 0.9011887 -0.4334269 0 0.9014642 -0.4328537 0 -0.4329871 -0.9014002 0 0.9013801 -0.4330288 0 0.433005 0.9013916 0 0 0 1 0 0 1 0 0 1 -1.20873e-7 0 1 -7.68236e-7 0 1 0 0 1 -2.83339e-7 0 1 0 0 1 0 0 1 -0.4331428 -0.9013254 0 -0.9015132 0.4327517 0 0.9011889 -0.4334266 0 -0.4341831 -0.9008247 0 0.4324544 0.9016558 0 -0.9018371 0.4320763 0 0.9014639 -0.4328543 0 -0.432927 -0.9014291 0 -0.4329869 -0.9014002 0 0.9013801 -0.4330287 0 -0.9014797 0.4328215 0 0.4330051 0.9013915 0</float_array>
          <technique_common>
            <accessor source="#Areas_building_002-mesh-normals-array" count="69" stride="3">
              <param name="X" type="float"/>
              <param name="Y" type="float"/>
              <param name="Z" type="float"/>
            </accessor>
          </technique_common>
        </source>
        <vertices id="Areas_building_002-mesh-vertices">
          <input semantic="POSITION" source="#Areas_building_002-mesh-positions"/>
        </vertices>
        <triangles count="78">
          <input semantic="VERTEX" source="#Areas_building_002-mesh-vertices" offset="0"/>
          <input semantic="NORMAL" source="#Areas_building_002-mesh-normals" offset="1"/>
          <p>25 0 40 0 24 0 1 1 16 1 0 1 2 2 17 2 1 2 3 3 18 3 2 3 4 4 19 4 3 4 21 5 4 5 5 5 6 6 21 6 5 6 23 7 6 7 7 7 8 8 23 8 7 8 9 9 24 9 8 9 10 10 25 10 9 10 27 11 10 11 11 11 28 12 11 12 12 12 29 13 12 13 13 13 14 14 29 14 13 14 31 15 14 15 15 15 16 16 15 16 0 16 39 17 40 17 44 17 18 18 32 18 17 18 26 19 41 19 25 19 19 20 34 20 18 20 27 21 42 21 26 21 20 22 35 22 19 22 28 23 43 23 27 23 21 24 36 24 20 24 29 25 44 25 28 25 22 26 37 26 21 26 30 27 45 27 29 27 23 28 38 28 22 28 31 29 46 29 30 29 24 30 39 30 23 30 17 31 33 31 16 31 16 32 47 32 31 32 25 33 41 33 40 33 1 34 17 34 16 34 2 35 18 35 17 35 3 36 19 36 18 36 4 37 20 37 19 37 21 38 20 38 4 38 6 6 22 6 21 6 23 39 22 39 6 39 8 40 24 40 23 40 9 41 25 41 24 41 10 42 26 42 25 42 27 43 26 43 10 43 28 23 27 23 11 23 29 44 28 44 12 44 14 45 30 45 29 45 31 46 30 46 14 46 16 47 31 47 15 47 47 17 33 17 45 17 33 48 32 48 34 48 34 17 35 17 36 17 33 49 34 49 45 49 45 17 46 17 47 17 42 50 43 50 44 50 41 17 42 17 40 17 42 51 44 51 40 51 44 52 45 52 39 52 45 53 34 53 39 53 36 54 37 54 38 54 34 55 36 55 39 55 36 56 38 56 39 56 18 18 34 18 32 18 26 57 42 57 41 57 19 58 35 58 34 58 27 59 43 59 42 59 20 60 36 60 35 60 28 61 44 61 43 61 21 62 37 62 36 62 29 63 45 63 44 63 22 64 38 64 37 64 30 65 46 65 45 65 23 7 39 7 38 7 31 66 47 66 46 66 24 30 40 30 39 30 17 67 32 67 33 67 16 68 33 68 47 68</p>
        </triangles>
      </mesh>
    </geometry>
    <geometry id="Areas_building_001-mesh" name="Areas:building.001">
      <mesh>
        <source id="Areas_building_001-mesh-positions">
          <float_array id="Areas_building_001-mesh-positions-array" count="336">24.48424 82.42196 15.00015 59.36063 65.55198 15.25177 75.37951 98.66352 14.66325 40.50311 115.5336 15 24.48424 82.42196 35.25177 59.36063 65.55198 35.25177 75.37951 98.66352 35.25177 40.50311 115.5336 35.25177 155.9303 137.8045 14.44857 148.3383 141.5556 14.44857 142.4829 137.7062 14.44857 136.8056 134.8389 14.44857 132.4641 130.1844 14.44857 129.9706 124.3319 14.17427 129.6255 117.9688 14.29093 130.7164 113.6089 14.37084 133.9892 108.1492 14.47092 138.9429 104.1428 14.54436 144.9653 102.0807 14.58217 151.3217 102.1986 14.58001 156.3756 103.9661 14.54761 161.3961 107.8743 14.47597 164.7913 113.2554 14.44857 166.1271 119.4811 14.44857 165.27 125.7852 14.44857 166.9732 131.7163 14.44857 155.9303 137.8045 34.58217 148.3383 141.5556 34.58217 142.4829 137.7062 34.58217 136.8056 134.8389 34.58217 132.4641 130.1844 34.58217 129.9706 124.3319 34.58217 129.6255 117.9688 34.58217 130.7164 113.6089 34.58217 133.9892 108.1492 34.58217 138.9429 104.1428 34.58217 144.9653 102.0807 34.58217 151.3217 102.1986 34.58217 156.3756 103.9661 34.58217 161.3961 107.8743 34.58217 164.7913 113.2554 34.58217 166.1271 119.4811 34.58217 165.27 125.7852 34.58217 166.9732 131.7163 34.58217 -15.75776 102.0218 15 11.08137 89.47241 14.99999 24.03896 115.9853 14.99999 -1.809429 128.6526 15 -15.75776 102.0218 35 11.08137 89.47241 35 24.03896 115.9853 35 -1.809429 128.6526 35 101.5062 79.16187 15.00228 75.60214 25.999 15.97639 91.46517 18.26124 16 117.3692 71.44371 15.0962 101.5062 79.16187 36 75.60214 25.999 36 91.46517 18.26124 36 117.3692 71.44371 36 100.6268 163.9051 14.36291 84.31846 130.9307 14.36291 118.4379 114.041 14.36291 134.7462 147.0153 14.36291 100.6268 163.9051 34.36291 84.31846 130.9307 34.36291 118.4379 114.041 34.36291 134.7462 147.0153 34.36291 -132.5764 68.96918 15 -148.3281 37.38961 15 -152.2577 39.3535 14.99999 -156.3988 31.06585 15 -112.6614 9.246973 15.25149 -108.7875 17.02399 15.14058 -103.177 14.21562 15.19281 -87.16921 46.30572 14.99999 -132.5764 68.96918 35.25149 -148.3281 37.38961 35.25149 -152.2577 39.3535 35.25149 -156.3988 31.06585 35.25149 -112.6614 9.246973 35.25149 -108.7875 17.02399 35.25149 -103.177 14.21562 35.25149 -87.16921 46.30572 35.25149 -56.47843 123.3107 14.7679 -15.85795 102.1397 15 0.895635 134.5051 14.88395 -40.8603 156.2457 14.88395 -56.47843 123.3107 35 -15.85795 102.1397 35 0.895635 134.5051 35 -40.8603 156.2457 35 45.32324 -17.71723 16 62.77814 -26.20121 16 55.49784 -41.18563 16.14024 85.79901 -55.91471 16 89.6618 -47.96101 16 113.1836 -59.39077 15.80135 138.5644 -7.131876 15.00907 113.473 5.063881 15.792 110.6567 -0.7492359 15.88213 64.4702 21.69806 16 45.32324 -17.71723 36.14024 62.77814 -26.20121 36.14024 55.49784 -41.18563 36.14024 85.79901 -55.91471 36.14024 89.6618 -47.96101 36.14024 113.1836 -59.39077 36.14024 138.5644 -7.131876 36.14024 113.473 5.063881 36.14024 110.6567 -0.7492359 36.14024 64.4702 21.69806 36.14024</float_array>
          <technique_common>
            <accessor source="#Areas_building_001-mesh-positions-array" count="112" stride="3">
              <param name="X" type="float"/>
              <param name="Y" type="float"/>
              <param name="Z" type="float"/>
            </accessor>
          </technique_common>
        </source>
        <source id="Areas_building_001-mesh-normals">
          <float_array id="Areas_building_001-mesh-normals-array" count="411">0 0 1 -0.4354419 -0.9002169 0 0.9001896 -0.4354985 0 0.4354438 0.9002159 0 -0.9001902 0.4354971 0 3.54688e-7 0 1 0.4429677 0.8965376 0 -0.549334 0.8356029 0 -0.4508138 0.8926181 0 -0.731266 0.6820924 0 -0.9199807 0.3919639 0 -0.9985327 0.05415278 0 -0.9700928 -0.2427346 0 -0.8577025 -0.5141463 0 -0.6288424 -0.7775329 0 -0.3239406 -0.9460775 0 0.01854574 -0.9998281 0 0.3301236 -0.9439378 0 0.61427 -0.789096 0 0.84573 -0.5336112 0 0.9777477 -0.2097844 0 0.9908835 0.1347222 0 0.9611541 -0.2760127 0 0.4828072 0.8757267 0 -1.3719e-7 0 1 -0.4235634 -0.9058666 0 0.8984416 -0.4390934 0 0.4400599 0.8979685 0 -0.8858472 0.4639772 0 2.33949e-7 0 1 -0.898962 0.4380267 0 -0.4384099 -0.8987752 0 0.8990257 -0.437896 0 0.437512 0.8992126 0 0 0 1 -0.8963636 0.4433198 0 -0.4436368 -0.8962067 0 0.8963634 -0.4433202 0 0.4436398 0.8962052 0 -0.8948584 0.4463504 0 0.4470477 0.8945102 0 -0.8945443 0.4469795 0 -0.446398 -0.8948345 0 0.8950988 -0.4458681 0 -0.4476119 -0.8942281 0 0.8948425 -0.4463822 0 0.4465808 0.8947433 0 0 0 1 -0.4621835 -0.8867843 0 0.8880736 -0.4597012 0 0.4618127 0.8869775 0 -0.9035538 0.4284749 0 1.41443e-7 0 1 -0.4371495 -0.8993889 0 -0.8994574 0.4370084 0 -0.4371768 -0.8993756 0 0.8995283 -0.4368624 0 -0.4370555 -0.8994346 0 0.8995223 -0.4368751 0 0.4371511 0.8993882 0 -0.8999455 0.4360025 0 0.4371223 0.8994022 0 -0.8994867 0.4369483 0 0 0 1 -0.4354419 -0.9002169 0 0.9001896 -0.4354983 0 0.4354438 0.900216 0 -0.9001901 0.4354974 0 8.04513e-7 0 1 5.96174e-7 0 1 2.18344e-6 0 1 -3.75495e-7 0 1 4.57415e-7 0 1 0 0 1 -7.65245e-7 0 1 -3.61324e-6 0 1 8.14258e-7 0 1 -2.87304e-7 0 1 0.4429687 0.8965372 0 -0.5493355 0.8356019 0 -0.9199807 0.3919638 0 -0.9985326 0.05415451 0 -0.9700946 -0.2427272 0 -0.8577029 -0.5141457 0 -0.6288441 -0.7775316 0 -0.3239414 -0.9460772 0 0.0185458 -0.9998281 0 0.3301224 -0.9439381 0 0.6142688 -0.7890969 0 0.8457323 -0.5336074 0 0.9777462 -0.2097917 0 0.990884 0.1347185 0 0.9611551 -0.2760091 0 0.482808 0.8757262 0 0 0 1 -0.4235635 -0.9058665 0 0.8984414 -0.4390934 0 0.44006 0.8979684 0 -0.8858471 0.4639773 0 0 0 1 -0.8989619 0.4380269 0 -0.4384096 -0.8987753 0 0.8990257 -0.4378959 0 0.4375128 0.8992122 0 -0.8963635 0.4433197 0 -0.4436373 -0.8962066 0 0.8963634 -0.4433202 0 0.4436398 0.8962052 0 1.34177e-7 0 1 -1.55556e-7 0 1 -0.8948589 0.4463493 0 0.4470465 0.8945108 0 -0.8945462 0.4469754 0 -0.4463981 -0.8948345 0 0.8950988 -0.4458682 0 -0.4476118 -0.8942281 0 0.8948423 -0.4463824 0 0.4465807 0.8947435 0 -0.4621835 -0.8867844 0 0.8880736 -0.4597013 0 0.4618128 0.8869774 0 -0.9035537 0.428475 0 0 0 1 2.17496e-7 0 1 2.04883e-7 0 1 0 0 1 1.69348e-7 0 1 -0.4371492 -0.899389 0 -0.8994575 0.4370083 0 -0.437177 -0.8993756 0 0.8995273 -0.4368647 0 -0.4370551 -0.8994349 0 0.8995223 -0.4368748 0 0.4371508 0.8993882 0 -0.8999458 0.436002 0 0.4371222 0.8994022 0 -0.8994867 0.4369481 0</float_array>
          <technique_common>
            <accessor source="#Areas_building_001-mesh-normals-array" count="137" stride="3">
              <param name="X" type="float"/>
              <param name="Y" type="float"/>
              <param name="Z" type="float"/>
            </accessor>
          </technique_common>
        </source>
        <vertices id="Areas_building_001-mesh-vertices">
          <input semantic="POSITION" source="#Areas_building_001-mesh-positions"/>
        </vertices>
        <triangles count="152">
          <input semantic="VERTEX" source="#Areas_building_001-mesh-vertices" offset="0"/>
          <input semantic="NORMAL" source="#Areas_building_001-mesh-normals" offset="1"/>
          <p>5 0 7 0 4 0 1 1 4 1 0 1 6 2 1 2 2 2 3 3 6 3 2 3 0 4 7 4 3 4 37 5 39 5 31 5 27 6 8 6 9 6 28 7 9 7 10 7 29 8 10 8 11 8 30 9 11 9 12 9 31 10 12 10 13 10 14 11 31 11 13 11 15 12 32 12 14 12 16 13 33 13 15 13 17 14 34 14 16 14 18 15 35 15 17 15 37 16 18 16 19 16 38 17 19 17 20 17 39 18 20 18 21 18 40 19 21 19 22 19 41 20 22 20 23 20 42 21 23 21 24 21 43 22 24 22 25 22 26 23 25 23 8 23 49 24 51 24 48 24 49 25 44 25 45 25 50 26 45 26 46 26 47 27 50 27 46 27 44 28 51 28 47 28 56 29 58 29 59 29 53 30 56 30 52 30 54 31 57 31 53 31 59 32 54 32 55 32 56 33 55 33 52 33 65 34 67 34 64 34 65 35 60 35 61 35 66 36 61 36 62 36 67 37 62 37 63 37 64 38 63 38 60 38 81 0 82 0 83 0 77 39 68 39 69 39 78 40 69 40 70 40 71 41 78 41 70 41 72 42 79 42 71 42 81 43 72 43 73 43 74 44 81 44 73 44 83 45 74 45 75 45 68 46 83 46 75 46 88 47 90 47 91 47 85 48 88 48 84 48 90 49 85 49 86 49 91 50 86 50 87 50 88 51 87 51 84 51 103 52 106 52 110 52 103 53 92 53 93 53 94 54 103 54 93 54 105 55 94 55 95 55 106 56 95 56 96 56 107 57 96 57 97 57 108 58 97 58 98 58 99 59 108 59 98 59 100 60 109 60 99 60 101 61 110 61 100 61 102 62 101 62 92 62 5 63 6 63 7 63 1 64 5 64 4 64 6 65 5 65 1 65 3 66 7 66 6 66 0 67 4 67 7 67 43 68 26 68 42 68 26 69 27 69 28 69 28 70 29 70 30 70 26 71 28 71 42 71 40 0 41 0 39 0 41 72 42 72 28 72 39 73 41 73 31 73 28 74 30 74 31 74 31 75 32 75 33 75 33 0 34 0 35 0 35 0 36 0 33 0 36 76 37 76 33 76 37 0 38 0 39 0 31 0 41 0 28 0 31 77 33 77 37 77 27 78 26 78 8 78 28 79 27 79 9 79 29 8 28 8 10 8 30 9 29 9 11 9 31 80 30 80 12 80 14 81 32 81 31 81 15 82 33 82 32 82 16 83 34 83 33 83 17 84 35 84 34 84 18 85 36 85 35 85 37 86 36 86 18 86 38 87 37 87 19 87 39 88 38 88 20 88 40 89 39 89 21 89 41 90 40 90 22 90 42 91 41 91 23 91 43 92 42 92 24 92 26 93 43 93 25 93 49 94 50 94 51 94 49 95 48 95 44 95 50 96 49 96 45 96 47 97 51 97 50 97 44 98 48 98 51 98 56 99 57 99 58 99 53 100 57 100 56 100 54 101 58 101 57 101 59 102 58 102 54 102 56 103 59 103 55 103 65 0 66 0 67 0 65 104 64 104 60 104 66 105 65 105 61 105 67 106 66 106 62 106 64 107 67 107 63 107 83 108 76 108 81 108 76 109 77 109 81 109 77 0 78 0 79 0 79 0 80 0 77 0 80 0 81 0 77 0 77 110 76 110 68 110 78 111 77 111 69 111 71 112 79 112 78 112 72 113 80 113 79 113 81 114 80 114 72 114 74 115 82 115 81 115 83 116 82 116 74 116 68 117 76 117 83 117 88 0 89 0 90 0 85 118 89 118 88 118 90 119 89 119 85 119 91 120 90 120 86 120 88 121 91 121 87 121 111 122 102 122 103 122 103 123 104 123 106 123 104 124 105 124 106 124 106 0 107 0 110 0 107 125 108 125 110 125 110 0 111 0 103 0 108 126 109 126 110 126 103 127 102 127 92 127 94 128 104 128 103 128 105 129 104 129 94 129 106 130 105 130 95 130 107 131 106 131 96 131 108 132 107 132 97 132 99 133 109 133 108 133 100 134 110 134 109 134 101 135 111 135 110 135 102 136 111 136 101 136</p>
        </triangles>
      </mesh>
    </geometry>
    <geometry id="CollisionAligned-mesh" name="CollisionAligned">
      <mesh>
        <source id="CollisionAligned-mesh-positions">
          <float_array id="CollisionAligned-mesh-positions-array" count="114">-0.21875 0.2475 3.202 -0.21875 0.2725 0.202 -0.21875 -0.2524999 3.202 -0.21875 -0.2774999 0.202 -0.21875 -0.2524999 4.302 -0.21875 -0.2774999 9.202001 -0.21875 -0.2524999 7.202 -0.21875 0.2475 4.302 -0.21875 0.2475 7.202 -0.21875 0.2725 9.202001 -0.21875 0.2475 8.302 -0.21875 -0.2524999 8.302 0.4312501 0.2475 5.202 0.4312501 0.2725 0.202 0.4312501 0.2725 9.202001 0.4312501 -0.2774999 0.202 0.4312501 -0.2524999 5.202 0.4312501 -0.2774999 9.202001 0.4312501 -0.2524999 6.302 0.4312501 0.2475 6.302 0.006249964 0.09750008 9.702001 0.006249964 -0.1024999 9.702001 0.20625 0.09750008 9.702001 0.20625 -0.1024999 9.702001 1.35625 -1.2525 0.001999974 1.35625 1.2475 0.001999974 1.35625 -1.2525 0.202 1.35625 1.2475 0.202 -1.14375 -1.2525 0.001999974 -1.14375 -1.2525 0.202 -1.14375 1.2475 0.001999974 -1.14375 1.2475 0.202 -1.76875 -0.2524999 3.202 -1.76875 0.2475 3.202 1.98125 -0.2524999 5.202 1.98125 0.2475 5.202 -1.76875 -0.2524999 7.202 -1.76875 0.2475 7.202</float_array>
          <technique_common>
            <accessor source="#CollisionAligned-mesh-positions-array" count="38" stride="3">
              <param name="X" type="float"/>
              <param name="Y" type="float"/>
              <param name="Z" type="float"/>
            </accessor>
          </technique_common>
        </source>
        <source id="CollisionAligned-mesh-normals">
          <float_array id="CollisionAligned-mesh-normals-array" count="93">-1 0 0 -1 -4.33488e-6 0 -1 2.11928e-6 0 -1 -1.64427e-6 0 -1 4.33488e-6 0 -1 -1.05964e-6 0 -1 -1.08372e-6 0 -1 1.08372e-6 0 1 -2.11928e-6 0 1 0 0 1 2.11928e-6 0 1 -2.16744e-6 0 1 2.16744e-6 0 0 1 0 0 -1 0 0 0 1 -0.9119214 0 0.4103651 -0.9119214 0 0.4103652 0 0.9438585 0.3303502 0 0.9438585 0.3303502 0 -0.9438583 0.3303505 0 -0.9438585 0.3303504 0.9119207 0 0.4103668 0.9119213 0 0.4103652 0 0 -1 0 0 1 -0.5787469 0 0.8155073 -0.5787471 0 0.8155072 0.5787473 0 0.8155071 0.5787473 0 0.815507 -0.5787473 0 0.8155071</float_array>
          <technique_common>
            <accessor source="#CollisionAligned-mesh-normals-array" count="31" stride="3">
              <param name="X" type="float"/>
              <param name="Y" type="float"/>
              <param name="Z" type="float"/>
            </accessor>
          </technique_common>
        </source>
        <vertices id="CollisionAligned-mesh-vertices">
          <input semantic="POSITION" source="#CollisionAligned-mesh-positions"/>
        </vertices>
        <triangles count="72">
          <input semantic="VERTEX" source="#CollisionAligned-mesh-vertices" offset="0"/>
          <input semantic="NORMAL" source="#CollisionAligned-mesh-normals" offset="1"/>
          <p>0 0 1 0 2 0 2 0 1 0 3 0 2 1 3 1 4 1 3 2 5 2 4 2 4 3 5 3 6 3 4 0 6 0 7 0 7 0 6 0 8 0 0 4 7 4 1 4 1 0 7 0 8 0 1 5 8 5 9 5 9 6 8 6 10 6 9 0 10 0 5 0 5 0 10 0 11 0 5 7 11 7 6 7 12 8 13 8 14 8 13 9 12 9 15 9 15 9 12 9 16 9 15 10 16 10 17 10 17 11 16 11 18 11 17 9 18 9 14 9 14 9 18 9 19 9 14 12 19 12 12 12 9 13 14 13 1 13 1 13 14 13 13 13 17 14 5 14 15 14 15 14 5 14 3 14 20 15 21 15 22 15 22 15 21 15 23 15 20 16 9 16 21 16 21 17 9 17 5 17 22 18 14 18 20 18 20 19 14 19 9 19 21 20 5 20 23 20 23 21 5 21 17 21 23 22 17 22 22 22 22 23 17 23 14 23 24 9 25 9 26 9 26 9 25 9 27 9 28 14 24 14 29 14 29 14 24 14 26 14 30 0 28 0 31 0 31 0 28 0 29 0 25 13 30 13 27 13 27 13 30 13 31 13 28 24 30 24 24 24 24 24 30 24 25 24 13 15 27 15 1 15 1 15 27 15 31 15 1 15 31 15 3 15 3 15 31 15 29 15 3 15 29 15 15 15 15 15 29 15 26 15 15 25 26 25 13 25 13 15 26 15 27 15 32 26 4 26 33 26 33 27 4 27 7 27 2 24 32 24 0 24 0 24 32 24 33 24 32 14 2 14 4 14 7 13 0 13 33 13 34 24 16 24 35 24 35 24 16 24 12 24 18 28 34 28 19 28 19 29 34 29 35 29 16 14 34 14 18 14 19 13 35 13 12 13 6 24 36 24 8 24 8 24 36 24 37 24 36 26 11 26 37 26 37 30 11 30 10 30 6 14 11 14 36 14 37 13 10 13 8 13</p>
        </triangles>
      </mesh>
    </geometry>
    <geometry id="CollisionAligned_001-mesh" name="CollisionAligned.001">
      <mesh>
        <source id="CollisionAligned_001-mesh-positions">
          <float_array id="CollisionAligned_001-mesh-positions-array" count="114">-0.21875 0.2475 3.202 -0.21875 0.2725 0.202 -0.21875 -0.2524999 3.202 -0.21875 -0.2774999 0.202 -0.21875 -0.2524999 4.302 -0.21875 -0.2774999 9.202001 -0.21875 -0.2524999 7.202 -0.21875 0.2475 4.302 -0.21875 0.2475 7.202 -0.21875 0.2725 9.202001 -0.21875 0.2475 8.302 -0.21875 -0.2524999 8.302 0.4312501 0.2475 5.202 0.4312501 0.2725 0.202 0.4312501 0.2725 9.202001 0.4312501 -0.2774999 0.202 0.4312501 -0.2524999 5.202 0.4312501 -0.2774999 9.202001 0.4312501 -0.2524999 6.302 0.4312501 0.2475 6.302 0.006249964 0.09750008 9.702001 0.006249964 -0.1024999 9.702001 0.20625 0.09750008 9.702001 0.20625 -0.1024999 9.702001 1.35625 -1.2525 0.001999974 1.35625 1.2475 0.001999974 1.35625 -1.2525 0.202 1.35625 1.2475 0.202 -1.14375 -1.2525 0.001999974 -1.14375 -1.2525 0.202 -1.14375 1.2475 0.001999974 -1.14375 1.2475 0.202 -1.76875 -0.2524999 3.202 -1.76875 0.2475 3.202 1.98125 -0.2524999 5.202 1.98125 0.2475 5.202 -1.76875 -0.2524999 7.202 -1.76875 0.2475 7.202</float_array>
          <technique_common>
            <accessor source="#CollisionAligned_001-mesh-positions-array" count="38" stride="3">
              <param name="X" type="float"/>
              <param name="Y" type="float"/>
              <param name="Z" type="float"/>
            </accessor>
          </technique_common>
        </source>
        <source id="CollisionAligned_001-mesh-normals">
          <float_array id="CollisionAligned_001-mesh-normals-array" count="93">-1 0 0 -1 -4.33488e-6 0 -1 2.11928e-6 0 -1 -1.64427e-6 0 -1 4.33488e-6 0 -1 -1.05964e-6 0 -1 -1.08372e-6 0 -1 1.08372e-6 0 1 -2.11928e-6 0 1 0 0 1 2.11928e-6 0 1 -2.16744e-6 0 1 2.16744e-6 0 0 1 0 0 -1 0 0 0 1 -0.9119214 0 0.4103651 -0.9119214 0 0.4103652 0 0.9438585 0.3303502 0 0.9438585 0.3303502 0 -0.9438583 0.3303505 0 -0.9438585 0.3303504 0.9119207 0 0.4103668 0.9119213 0 0.4103652 0 0 -1 0 0 1 -0.5787469 0 0.8155073 -0.5787471 0 0.8155072 0.5787473 0 0.8155071 0.5787473 0 0.815507 -0.5787473 0 0.8155071</float_array>
          <technique_common>
            <accessor source="#CollisionAligned_001-mesh-normals-array" count="31" stride="3">
              <param name="X" type="float"/>
              <param name="Y" type="float"/>
              <param name="Z" type="float"/>
            </accessor>
          </technique_common>
        </source>
        <vertices id="CollisionAligned_001-mesh-vertices">
          <input semantic="POSITION" source="#CollisionAligned_001-mesh-positions"/>
        </vertices>
        <triangles count="72">
          <input semantic="VERTEX" source="#CollisionAligned_001-mesh-vertices" offset="0"/>
          <input semantic="NORMAL" source="#CollisionAligned_001-mesh-normals" offset="1"/>
          <p>0 0 1 0 2 0 2 0 1 0 3 0 2 1 3 1 4 1 3 2 5 2 4 2 4 3 5 3 6 3 4 0 6 0 7 0 7 0 6 0 8 0 0 4 7 4 1 4 1 0 7 0 8 0 1 5 8 5 9 5 9 6 8 6 10 6 9 0 10 0 5 0 5 0 10 0 11 0 5 7 11 7 6 7 12 8 13 8 14 8 13 9 12 9 15 9 15 9 12 9 16 9 15 10 16 10 17 10 17 11 16 11 18 11 17 9 18 9 14 9 14 9 18 9 19 9 14 12 19 12 12 12 9 13 14 13 1 13 1 13 14 13 13 13 17 14 5 14 15 14 15 14 5 14 3 14 20 15 21 15 22 15 22 15 21 15 23 15 20 16 9 16 21 16 21 17 9 17 5 17 22 18 14 18 20 18 20 19 14 19 9 19 21 20 5 20 23 20 23 21 5 21 17 21 23 22 17 22 22 22 22 23 17 23 14 23 24 9 25 9 26 9 26 9 25 9 27 9 28 14 24 14 29 14 29 14 24 14 26 14 30 0 28 0 31 0 31 0 28 0 29 0 25 13 30 13 27 13 27 13 30 13 31 13 28 24 30 24 24 24 24 24 30 24 25 24 13 15 27 15 1 15 1 15 27 15 31 15 1 15 31 15 3 15 3 15 31 15 29 15 3 15 29 15 15 15 15 15 29 15 26 15 15 25 26 25 13 25 13 15 26 15 27 15 32 26 4 26 33 26 33 27 4 27 7 27 2 24 32 24 0 24 0 24 32 24 33 24 32 14 2 14 4 14 7 13 0 13 33 13 34 24 16 24 35 24 35 24 16 24 12 24 18 28 34 28 19 28 19 29 34 29 35 29 16 14 34 14 18 14 19 13 35 13 12 13 6 24 36 24 8 24 8 24 36 24 37 24 36 26 11 26 37 26 37 30 11 30 10 30 6 14 11 14 36 14 37 13 10 13 8 13</p>
        </triangles>
      </mesh>
    </geometry>
    <geometry id="EXPORT_GOOGLE_SAT_WM-mesh" name="EXPORT_GOOGLE_SAT_WM">
      <mesh>
        <source id="EXPORT_GOOGLE_SAT_WM-mesh-positions">
          <float_array id="EXPORT_GOOGLE_SAT_WM-mesh-positions-array" count="12">-171.9833 114.6555 0 171.9833 114.6555 0 171.9833 -114.6555 0 -171.9833 -114.6555 0</float_array>
          <technique_common>
            <accessor source="#EXPORT_GOOGLE_SAT_WM-mesh-positions-array" count="4" stride="3">
              <param name="X" type="float"/>
              <param name="Y" type="float"/>
              <param name="Z" type="float"/>
            </accessor>
          </technique_common>
        </source>
        <source id="EXPORT_GOOGLE_SAT_WM-mesh-normals">
          <float_array id="EXPORT_GOOGLE_SAT_WM-mesh-normals-array" count="3">0 0 1</float_array>
          <technique_common>
            <accessor source="#EXPORT_GOOGLE_SAT_WM-mesh-normals-array" count="1" stride="3">
              <param name="X" type="float"/>
              <param name="Y" type="float"/>
              <param name="Z" type="float"/>
            </accessor>
          </technique_common>
        </source>
        <source id="EXPORT_GOOGLE_SAT_WM-mesh-map-0">
          <float_array id="EXPORT_GOOGLE_SAT_WM-mesh-map-0-array" count="12">1 0 0 1 0 0 1 0 1 1 0 1</float_array>
          <technique_common>
            <accessor source="#EXPORT_GOOGLE_SAT_WM-mesh-map-0-array" count="6" stride="2">
              <param name="S" type="float"/>
              <param name="T" type="float"/>
            </accessor>
          </technique_common>
        </source>
        <source id="EXPORT_GOOGLE_SAT_WM-mesh-map-1">
          <float_array id="EXPORT_GOOGLE_SAT_WM-mesh-map-1-array" count="12">0.9465027 0.02978342 0.01953125 0.8704808 0.01953125 0.02978342 0.9465027 0.02978342 0.9465027 0.8704808 0.01953125 0.8704808</float_array>
          <technique_common>
            <accessor source="#EXPORT_GOOGLE_SAT_WM-mesh-map-1-array" count="6" stride="2">
              <param name="S" type="float"/>
              <param name="T" type="float"/>
            </accessor>
          </technique_common>
        </source>
        <vertices id="EXPORT_GOOGLE_SAT_WM-mesh-vertices">
          <input semantic="POSITION" source="#EXPORT_GOOGLE_SAT_WM-mesh-positions"/>
        </vertices>
        <triangles material="rastMat-material" count="2">
          <input semantic="VERTEX" source="#EXPORT_GOOGLE_SAT_WM-mesh-vertices" offset="0"/>
          <input semantic="NORMAL" source="#EXPORT_GOOGLE_SAT_WM-mesh-normals" offset="1"/>
          <input semantic="TEXCOORD" source="#EXPORT_GOOGLE_SAT_WM-mesh-map-0" offset="2" set="0"/>
          <input semantic="TEXCOORD" source="#EXPORT_GOOGLE_SAT_WM-mesh-map-1" offset="2" set="1"/>
          <p>2 0 0 0 0 1 3 0 2 2 0 3 1 0 4 0 0 5</p>
        </triangles>
      </mesh>
    </geometry>
  </library_geometries>
  <library_visual_scenes>
    <visual_scene id="Scene" name="Scene">
      <node id="cableAssem" name="cableAssem" type="NODE">
        <matrix sid="transform">1 0 0 -32.80544 0 1 0 -23.03226 0 0 1 2.691156 0 0 0 1</matrix>
        <instance_geometry url="#cableAssem-mesh" name="cableAssem"/>
      </node>
      <node id="Areas_building_002" name="Areas:building.002" type="NODE">
        <matrix sid="transform">0.5622476 0 0 -25.8103 0 0.5622476 0 9.04972 0 0 0.5622476 -0.3558619 0 0 0 1</matrix>
        <instance_geometry url="#Areas_building_002-mesh" name="Areas:building.002"/>
      </node>
      <node id="Areas_building_001" name="Areas:building.001" type="NODE">
        <matrix sid="transform">0.5622476 0 0 -25.8103 0 0.5622476 0 9.04972 0 0 0.5622476 -9.47014 0 0 0 1</matrix>
        <instance_geometry url="#Areas_building_001-mesh" name="Areas:building.001"/>
      </node>
      <node id="CollisionAligned" name="CollisionAligned" type="NODE">
        <matrix sid="transform">0.2521924 -0.9676771 0 1.57975 0.9676771 0.2521924 0 -21.7572 0 0 1 0.508488 0 0 0 1</matrix>
        <instance_geometry url="#CollisionAligned-mesh" name="CollisionAligned"/>
      </node>
      <node id="CollisionAligned_001" name="CollisionAligned.001" type="NODE">
        <matrix sid="transform">0.2521924 -0.9676771 0 -32.1392 0.9676771 0.2521924 0 -13.2854 0 0 1 0.366521 0 0 0 1</matrix>
        <instance_geometry url="#CollisionAligned_001-mesh" name="CollisionAligned.001"/>
      </node>
      <node id="EXPORT_GOOGLE_SAT_WM" name="EXPORT_GOOGLE_SAT_WM" type="NODE">
        <matrix sid="transform">0.5622476 0 0 -29.8287 0 0.5622476 0 15.4486 0 0 0.5622476 0.52 0 0 0 1</matrix>
        <instance_geometry url="#EXPORT_GOOGLE_SAT_WM-mesh" name="EXPORT_GOOGLE_SAT_WM">
          <bind_material>
            <technique_common>
              <instance_material symbol="rastMat-material" target="#rastMat-material">
                <bind_vertex_input semantic="EXPORT_GOOGLE_SAT_WM-mesh-map-0" input_semantic="TEXCOORD" input_set="0"/>
                <bind_vertex_input semantic="EXPORT_GOOGLE_SAT_WM-mesh-map-1" input_semantic="TEXCOORD" input_set="1"/>
              </instance_material>
            </technique_common>
          </bind_material>
        </instance_geometry>
      </node>
    </visual_scene>
  </library_visual_scenes>
  <scene>
    <instance_visual_scene url="#Scene"/>
  </scene>
</COLLADA>
